timestamp,1ocoq.c.wam,1wyyg.wam,2tmay.wam,35kos.c.wam,3eer.wam,3xasq.wam,4nsqy.wam,5flre.wam,5j1xs.wam,5nwvc.wam,5smug.wam,5vzbc.wam,a54us.wam,acab.wam,acpru.wam,advobrovivek,afkow.c.wam,ai1wo.wam,amfr2.wam,anouckgabin1,bd2si.wam,bg5t.wam,bulwu.wam,byxxo.wam,chfaa.c.wam,cidba.wam,cnbws.wam,cryptokisiel,djmhc.wam,dkid2.wam,e3.f4.wam,enrb4.wam,f.kre.wam,f3ira.wam,fk5b2.wam,fxp2w.c.wam,goodjobomm12,goyrc.wam,h2rbi.wam,h4tb.wam,hcnxe.wam,hmiha.wam,hpy.y.c.wam,iapqw.wam,izngs.wam,jgyra.wam,juicymeloon3,jz12q.c.wam,k.pqy.wam,k1kaw.wam,kbcrc.wam,kijbk.wam,knifs.wam,krakenslappu,ldlr4.wam,m2txc.wam,mango1anchor,megrowax4212,merqy.wam,mfacc5432111,mijdw.wam,n5f4u.c.wam,neyau.wam,nn1ew.wam,nrqk2.c.wam,o1lra.wam,o3rcy.wam,owfqy.wam,owlaq.wam,p34r.wam,pdzmitryblr1,pfbqw.wam,pgibw.wam,prvipisonja1,pyprg.wam,qhiay.wam,qm3r2.wam,rde12.c.wam,rhcqu.wam,rjvbg.wam,rlvfw.wam,rm2.k.wam,sl3t4.wam,ss4uk.wam,sxyqy.wam,szkg2.wam,tevhtftdbnde,thefoxslayer,thimotheem23,tommyswallet,u1.xi.wam,vacationless,vbvb2.wam,vfvek.wam,vniis.wam,vr2ng.c.wam,waxpiratesgg,wdqbc.wam,wirawantegar,wvldu.wam,wzbvk.wam,xoehi.wam,xwfaw.wam,y2qbs.wam,yeqbo.wam,ysqhk.wam,yszbo.wam,zrpfc.wam,ztbba.wam,ztvtu.wam,zuqgg.wam,zwcgs.wam,zzeba.wam,q1w2e3r4t5y1
2025-11-10 22:00:13,0.0041,1.064,0.0082,1.8239,0.0205,1.4049,0.0164,0.0205,2.9043,0.0123,0.3944,0.2383,0.2218,0.0246,0.1109,0.152,3.8656,0.0246,0.0288,0.2465,1.3515,1.2201,0.037,1.483,2.929,0.5299,0.1027,0.3204,0.2095,0.0164,0.0986,0.0164,0.0329,0.0822,0.037,0.0493,0.0288,1.3515,6.5933,4.0587,0.0041,0.1397,0.0575,0.0123,1.2201,0.1725,1.2735,1.2611,1.5446,0.0575,0.0205,0.0164,0.0205,1.3844,0.2917,1.1174,2.1608,0.0041,1.6103,1.6514,0.0246,1.1338,7.0451,0.0986,1.1379,0.0041,0.0452,1.2735,0.1191,0.6737,3.1919,3.8204,0.0082,0.0123,0.1931,0.0616,1.2817,1.1872,0.0657,8.6103,0.0041,0.0616,0.0041,0.1232,0.0082,1.2242,0.4888,1.5939,0.0205,0.0452,5.1021,0.2629,0.1191,0.0082,3.1138,2.6743,0.1191,1.3515,0.0657,0.0082,2.0129,0.0329,0.0123,0.0082,3.1508,0.7148,0.0082,0.0041,0.0205,0.3656,0.0205,0.1027,0.0041,0.0
2025-11-10 23:00:35,0.0041,1.0627,0.0081,1.8242,0.0204,1.4048,0.0163,0.0204,2.9073,0.0122,0.395,0.2402,0.2199,0.0244,0.1099,0.1547,3.8642,0.0244,0.0285,0.2484,1.3518,1.2215,0.0366,1.4862,2.9317,0.5334,0.1059,0.3217,0.2077,0.0163,0.0977,0.0163,0.0326,0.0855,0.0366,0.0529,0.0285,1.3518,6.5516,4.0596,0.0041,0.1384,0.057,0.0122,1.2215,0.1751,1.2745,1.2582,1.5473,0.057,0.0204,0.0204,0.0204,1.3844,0.2891,1.1198,2.1621,0.0041,1.6084,1.6532,0.0244,1.136,7.0483,0.0977,1.136,0.0041,0.0448,1.2745,0.1181,0.6759,3.1923,3.8031,0.0081,0.0122,0.1954,0.0651,1.2826,1.189,0.0651,8.616,0.0041,0.0611,0.0041,0.1262,0.0081,1.2256,0.4886,1.5962,0.0204,0.0448,5.1061,0.2606,0.1222,0.0081,3.1149,2.6752,0.1181,1.3518,0.0651,0.0081,2.0115,0.0326,0.0122,0.0081,3.1557,0.7166,0.0081,0.0041,0.0204,0.3624,0.0204,0.1018,0.0041,0.0
2025-11-11 00:00:54,0.0041,1.0637,0.0082,1.8234,0.0205,1.4045,0.0164,0.0205,2.9035,0.0123,0.3943,0.2382,0.2218,0.0246,0.1109,0.152,3.8645,0.0246,0.0287,0.2464,1.3511,1.2197,0.037,1.4867,2.9322,0.5339,0.1027,0.3203,0.2094,0.0164,0.0986,0.0164,0.0329,0.0821,0.037,0.0493,0.0287,1.3552,6.5585,4.0575,0.0041,0.1396,0.0575,0.0123,1.2238,0.1766,1.2731,1.2608,1.5483,0.0575,0.0205,0.0205,0.0205,1.3881,0.2916,1.1211,2.1602,0.0041,1.6099,1.6509,0.0246,1.1335,7.0472,0.0986,1.1376,0.0041,0.0452,1.2731,0.1191,0.6735,3.191,3.8029,0.0082,0.0123,0.193,0.0616,1.2813,1.1869,0.0657,8.616,0.0041,0.0616,0.0041,0.1232,0.0082,1.2279,0.4887,1.5934,0.0205,0.0452,5.1047,0.2628,0.1191,0.0082,3.117,2.6776,0.1191,1.3511,0.0657,0.0082,2.0123,0.0329,0.0123,0.0082,3.154,0.7187,0.0082,0.0041,0.0205,0.3655,0.0205,0.1027,0.0041,0.0
2025-11-11 01:00:16,0.0041,1.0627,0.0083,1.8235,0.0207,1.4059,0.0165,0.0207,2.9069,0.0124,0.3928,0.2398,0.2192,0.0248,0.1075,0.153,3.8662,0.0248,0.0289,0.2481,1.3521,1.2198,0.0372,1.4845,2.9317,0.5334,0.1034,0.3184,0.2109,0.0124,0.0992,0.0165,0.0331,0.0827,0.0372,0.0496,0.0289,1.3521,6.5581,4.0605,0.0041,0.1365,0.0538,0.0124,1.2239,0.1737,1.2736,1.2612,1.5465,0.0579,0.0207,0.0165,0.0207,1.3852,0.2894,1.1206,2.1626,0.0041,1.6085,1.654,0.0248,1.133,7.0501,0.0992,1.1371,0.0041,0.0455,1.2736,0.1199,0.674,3.1922,3.8042,0.0083,0.0124,0.1943,0.062,1.2818,1.1867,0.0662,8.6173,0.0041,0.062,0.0041,0.124,0.0083,1.2281,0.4879,1.5961,0.0207,0.0455,5.1067,0.2605,0.1199,0.0083,3.1178,2.6753,0.1199,1.3521,0.0662,0.0083,2.0137,0.0331,0.0124,0.0083,3.155,0.7153,0.0083,0.0041,0.0207,0.3639,0.0207,0.1034,0.0041,0.0
2025-11-11 02:00:59,0.0041,1.0616,0.0082,1.8239,0.0205,1.4018,0.0164,0.0205,2.906,0.0123,0.3935,0.2377,0.2213,0.0246,0.1107,0.1517,3.8651,0.0246,0.0287,0.2459,1.3526,1.2214,0.0369,1.4837,2.9306,0.5328,0.1025,0.3197,0.209,0.0164,0.0984,0.0164,0.0328,0.0861,0.0369,0.0492,0.0287,1.3567,6.5538,4.0577,0.0041,0.1394,0.0574,0.0123,1.2255,0.1762,1.2747,1.2624,1.5452,0.0574,0.0205,0.0205,0.0205,1.3854,0.291,1.1189,2.16,0.0041,1.6108,1.6518,0.0246,1.1353,7.0457,0.0984,1.1353,0.0041,0.0451,1.2706,0.1189,0.6763,3.1888,3.7995,0.0082,0.0123,0.1926,0.0615,1.2829,1.1886,0.0656,8.6278,0.0041,0.0615,0.0041,0.123,0.0082,1.2255,0.4877,1.5944,0.0205,0.0451,5.1111,0.2623,0.1189,0.0082,3.115,2.6764,0.1189,1.3526,0.0656,0.0082,2.0125,0.0328,0.0123,0.0082,3.1601,0.7173,0.0082,0.0041,0.0205,0.3648,0.0205,0.1025,0.0041,0.0
2025-11-11 03:00:13,0.004,1.0636,0.0081,1.8238,0.0202,1.4033,0.0162,0.0202,2.9036,0.0121,0.3923,0.2386,0.2224,0.0243,0.1092,0.1537,3.8661,0.0243,0.0283,0.2467,1.3507,1.2213,0.0364,1.4841,2.9319,0.5338,0.1051,0.3195,0.2103,0.0162,0.0971,0.0162,0.0324,0.0849,0.0364,0.0526,0.0283,1.3547,6.5755,4.0561,0.004,0.1375,0.0566,0.0121,1.2213,0.1739,1.2739,1.2577,1.5448,0.0566,0.0202,0.0202,0.0202,1.3871,0.2912,1.1202,2.1595,0.004,1.6095,1.65,0.0243,1.1364,7.0487,0.0971,1.1364,0.004,0.0445,1.2739,0.1173,0.6753,3.1907,3.8135,0.0081,0.0121,0.1941,0.0647,1.2819,1.1889,0.0687,8.6137,0.004,0.0607,0.004,0.1254,0.0081,1.2253,0.4893,1.5933,0.0202,0.0445,5.1035,0.2629,0.1213,0.0081,3.1139,2.6771,0.1173,1.3507,0.0647,0.0081,2.0099,0.0324,0.0121,0.0081,3.1543,0.7158,0.0081,0.004,0.0202,0.364,0.0243,0.1011,0.004,0.0
2025-11-11 04:00:11,0.004,1.0606,0.0081,1.8217,0.0202,1.4047,0.0162,0.0202,2.9066,0.0121,0.3927,0.2388,0.2227,0.0243,0.1093,0.1538,3.8661,0.0243,0.0283,0.2469,1.3521,1.2185,0.0364,1.4857,2.9309,0.5303,0.1053,0.3198,0.2105,0.0162,0.0972,0.0162,0.0324,0.085,0.0364,0.0526,0.0283,1.3521,6.5744,4.0564,0.004,0.1376,0.0567,0.0121,1.2226,0.1741,1.2752,1.259,1.5464,0.0567,0.0202,0.0202,0.0202,1.3845,0.2915,1.1214,2.1618,0.004,1.6072,1.6517,0.0243,1.1335,7.048,0.0972,1.1376,0.004,0.0445,1.2712,0.1174,0.6761,3.19,3.8135,0.0081,0.0121,0.1943,0.0648,1.2792,1.1861,0.0688,8.6147,0.004,0.0607,0.004,0.1255,0.0081,1.2266,0.4858,1.595,0.0202,0.0445,5.1048,0.2631,0.1214,0.0081,3.1172,2.6759,0.1174,1.3521,0.0648,0.0081,2.012,0.0324,0.0121,0.0081,3.1536,0.7165,0.0081,0.004,0.0202,0.3643,0.0243,0.1012,0.004,0.0
2025-11-11 05:00:12,0.0041,1.0625,0.0081,1.8238,0.0204,1.4045,0.0163,0.0204,2.9026,0.0122,0.3908,0.2402,0.2198,0.0244,0.1099,0.1547,3.8634,0.0244,0.0285,0.2483,1.3516,1.2213,0.0366,1.4859,2.9311,0.5333,0.1018,0.3175,0.2076,0.0163,0.0977,0.0163,0.0326,0.0855,0.0366,0.0529,0.0285,1.3516,6.5909,4.0588,0.0041,0.1384,0.057,0.0122,1.2213,0.1751,1.2742,1.2579,1.547,0.057,0.0204,0.0204,0.0204,1.3841,0.289,1.1195,2.1576,0.0041,1.608,1.6528,0.0244,1.1358,7.0469,0.0977,1.1358,0.0041,0.0448,1.2702,0.1181,0.6758,3.1917,3.8186,0.0081,0.0122,0.1954,0.0651,1.2783,1.1887,0.0651,8.6102,0.0041,0.0611,0.0041,0.1262,0.0081,1.2254,0.4885,1.5958,0.0204,0.0448,5.105,0.2605,0.1221,0.0081,3.1143,2.6746,0.1181,1.3516,0.0651,0.0081,2.0111,0.0326,0.0122,0.0081,3.151,0.7165,0.0081,0.0041,0.0204,0.3623,0.0204,0.1018,0.0041,0.0
2025-11-11 06:00:09,0.0041,1.0622,0.0081,1.8233,0.0203,1.4041,0.0163,0.0203,2.9059,0.0122,0.3948,0.2401,0.2198,0.0244,0.1099,0.1547,3.8663,0.0244,0.0285,0.2483,1.3512,1.221,0.0366,1.4855,2.9303,0.5331,0.1058,0.3215,0.2076,0.0163,0.0977,0.0163,0.0326,0.0855,0.0366,0.0529,0.0285,1.3553,6.5606,4.0576,0.0041,0.1384,0.057,0.0122,1.221,0.175,1.2739,1.2616,1.5465,0.057,0.0203,0.0203,0.0203,1.3878,0.289,1.1192,2.1611,0.0041,1.6076,1.6524,0.0244,1.1355,7.049,0.0977,1.1355,0.0041,0.0448,1.2739,0.118,0.6756,3.1908,3.8053,0.0081,0.0122,0.1954,0.0651,1.282,1.1884,0.0651,8.6158,0.0041,0.061,0.0041,0.1262,0.0081,1.225,0.4884,1.5954,0.0203,0.0448,5.1076,0.2605,0.1221,0.0081,3.1134,2.678,0.118,1.3512,0.0651,0.0081,2.0105,0.0326,0.0122,0.0081,3.1541,0.7163,0.0081,0.0041,0.0203,0.3622,0.0203,0.1017,0.0041,0.0
2025-11-11 07:00:13,0.0041,1.0605,0.0082,1.8221,0.0205,1.4044,0.0164,0.0205,2.9071,0.0123,0.3931,0.2416,0.2211,0.0246,0.1106,0.1556,3.8652,0.0246,0.0287,0.2457,1.3512,1.2202,0.0369,1.4863,2.9317,0.5323,0.1024,0.3194,0.2088,0.0164,0.0983,0.0164,0.0328,0.086,0.0369,0.0491,0.0287,1.3512,6.5635,4.0577,0.0041,0.1392,0.0573,0.0123,1.2243,0.1761,1.2734,1.2611,1.5477,0.0573,0.0205,0.0205,0.0205,1.388,0.2907,1.1178,2.1619,0.0041,1.6091,1.6501,0.0246,1.1342,7.0507,0.0983,1.1383,0.0041,0.045,1.2734,0.1187,0.6756,3.1896,3.8079,0.0082,0.0123,0.1924,0.0614,1.2816,1.1874,0.0655,8.6148,0.0041,0.0614,0.0041,0.1228,0.0082,1.2243,0.4872,1.5969,0.0205,0.045,5.1058,0.262,0.1187,0.0082,3.1159,2.6778,0.1187,1.3512,0.0655,0.0082,2.0104,0.0328,0.0123,0.0082,3.1569,0.7165,0.0082,0.0041,0.0205,0.3644,0.0205,0.1024,0.0041,0.0
2025-11-11 08:00:10,0.0041,1.0612,0.0081,1.8226,0.0203,1.4054,0.0162,0.0203,2.904,0.0122,0.3929,0.239,0.2228,0.0243,0.1094,0.1539,3.8639,0.0243,0.0284,0.2471,1.3528,1.2191,0.0365,1.4864,2.9324,0.5306,0.1053,0.32,0.2106,0.0162,0.0972,0.0162,0.0324,0.0851,0.0365,0.0527,0.0284,1.3528,6.5614,4.0583,0.0041,0.1377,0.0567,0.0122,1.2232,0.1742,1.2758,1.2596,1.5472,0.0567,0.0203,0.0203,0.0203,1.3852,0.2916,1.1179,2.1588,0.0041,1.6079,1.6525,0.0243,1.1341,7.0514,0.0972,1.1381,0.0041,0.0446,1.2718,0.1175,0.6764,3.1916,3.8072,0.0081,0.0122,0.1944,0.0648,1.2799,1.1867,0.0689,8.6148,0.0041,0.0608,0.0041,0.1256,0.0081,1.2272,0.486,1.5958,0.0203,0.0446,5.1073,0.2633,0.1215,0.0081,3.1146,2.6772,0.1175,1.3528,0.0648,0.0081,2.013,0.0324,0.0122,0.0081,3.1551,0.7169,0.0081,0.0041,0.0203,0.3645,0.0243,0.1013,0.0041,0.0
2025-11-11 09:00:09,0.004,1.0628,0.0079,1.8242,0.0198,1.4038,0.0159,0.0198,2.9068,0.0119,0.3926,0.2379,0.2221,0.0238,0.111,0.1547,3.8664,0.0238,0.0278,0.2459,1.3523,1.2214,0.0357,1.4871,2.9306,0.5314,0.1031,0.3212,0.2102,0.0159,0.0991,0.0159,0.0317,0.0833,0.0357,0.0516,0.0317,1.3523,6.563,4.0568,0.004,0.1388,0.0555,0.0119,1.2214,0.1745,1.273,1.2611,1.5466,0.0555,0.0198,0.0198,0.0198,1.388,0.2895,1.1183,2.1612,0.004,1.61,1.6536,0.0278,1.1342,7.0468,0.0991,1.1381,0.004,0.0476,1.273,0.119,0.6741,3.1923,3.807,0.0079,0.0119,0.1943,0.0634,1.2809,1.1857,0.0674,8.6132,0.004,0.0595,0.004,0.1229,0.0079,1.2254,0.4878,1.5942,0.0198,0.0436,5.1037,0.2617,0.119,0.0079,3.1169,2.6768,0.119,1.3523,0.0674,0.0079,2.0105,0.0357,0.0119,0.0079,3.1566,0.7178,0.0079,0.004,0.0238,0.3648,0.0238,0.1031,0.004,0.0
2025-11-11 10:00:14,0.0039,1.0609,0.0078,1.8215,0.0195,1.4042,0.0156,0.0195,2.9058,0.0117,0.3939,0.2379,0.2223,0.0234,0.1092,0.1521,3.8654,0.0234,0.0273,0.2457,1.3496,1.2208,0.0351,1.4861,2.9292,0.5305,0.1053,0.3198,0.2106,0.0156,0.0975,0.0156,0.0312,0.0858,0.039,0.0507,0.0312,1.3535,6.5606,4.0565,0.0039,0.1404,0.0546,0.0117,1.2247,0.1755,1.2755,1.2598,1.5446,0.0546,0.0195,0.0195,0.0195,1.3847,0.2925,1.1194,2.1609,0.0039,1.6109,1.6499,0.0273,1.135,7.0481,0.0975,1.135,0.0039,0.0468,1.2716,0.1209,0.6748,3.1906,3.8068,0.0078,0.0156,0.195,0.0624,1.2794,1.1857,0.0663,8.6122,0.0039,0.0624,0.0039,0.1248,0.0078,1.2247,0.4876,1.5953,0.0195,0.0468,5.1174,0.2613,0.1209,0.0078,3.1165,2.6757,0.117,1.3535,0.0663,0.0078,2.0126,0.0351,0.0117,0.0078,3.1633,0.7177,0.0078,0.0039,0.0234,0.3627,0.0234,0.1014,0.0039,0.0
2025-11-11 11:00:10,0.0039,1.0614,0.0078,1.8223,0.0195,1.4048,0.0156,0.0195,2.9071,0.0117,0.3941,0.238,0.2224,0.0234,0.1093,0.1522,3.867,0.0234,0.0273,0.2458,1.3501,1.2214,0.0351,1.4867,2.9305,0.5307,0.1054,0.32,0.2107,0.0156,0.0976,0.0156,0.0312,0.0858,0.039,0.0507,0.0312,1.354,6.5634,4.0582,0.0039,0.1366,0.0546,0.0117,1.2214,0.1756,1.276,1.2604,1.5452,0.0546,0.0195,0.0195,0.0195,1.3853,0.2888,1.1199,2.1618,0.0039,1.6077,1.6506,0.0273,1.1355,7.0512,0.0976,1.1355,0.0039,0.0468,1.2721,0.121,0.6751,3.1919,3.8085,0.0078,0.0156,0.1951,0.0624,1.2799,1.1862,0.0663,8.6159,0.0039,0.0624,0.0039,0.1249,0.0078,1.2253,0.4878,1.596,0.0195,0.0468,5.104,0.2614,0.121,0.0078,3.1139,2.6769,0.1171,1.354,0.0663,0.0078,2.0135,0.0351,0.0117,0.0078,3.1568,0.718,0.0078,0.0039,0.0234,0.3629,0.0234,0.1015,0.0039,0.0
2025-11-11 12:00:09,0.0039,1.0626,0.0078,1.8233,0.0196,1.4038,0.0157,0.0196,2.9055,0.0118,0.3921,0.2392,0.2196,0.0235,0.1098,0.1529,3.8662,0.0235,0.0274,0.247,1.3528,1.2195,0.0353,1.4861,2.9291,0.5333,0.1019,0.3215,0.2078,0.0157,0.098,0.0157,0.0314,0.0823,0.0392,0.051,0.0314,1.3528,6.5639,4.0583,0.0039,0.1372,0.0549,0.0118,1.2234,0.1764,1.2744,1.2587,1.5449,0.0549,0.0196,0.0196,0.0196,1.3881,0.2902,1.1214,2.1605,0.0039,1.6077,1.6508,0.0274,1.1332,7.0502,0.098,1.1371,0.0039,0.0471,1.2744,0.1176,0.6744,3.1918,3.8074,0.0078,0.0157,0.1961,0.0627,1.2822,1.1881,0.0667,8.6147,0.0039,0.0588,0.0039,0.1255,0.0078,1.2273,0.4862,1.5959,0.0196,0.0471,5.1053,0.2627,0.1216,0.0078,3.1173,2.6742,0.1176,1.3528,0.0667,0.0078,2.0115,0.0353,0.0118,0.0078,3.1565,0.7176,0.0078,0.0039,0.0235,0.3647,0.0235,0.1019,0.0039,0.0
2025-11-11 13:01:01,0.004,1.0614,0.0081,1.8241,0.0202,1.4044,0.0161,0.0202,2.9057,0.0121,0.3915,0.2381,0.222,0.0242,0.109,0.1534,3.8662,0.0242,0.0282,0.2462,1.352,1.2188,0.0363,1.4851,2.9299,0.5327,0.1049,0.3188,0.2099,0.0161,0.0969,0.0161,0.0323,0.0847,0.0363,0.0525,0.0282,1.352,6.566,4.0599,0.004,0.1372,0.0565,0.0121,1.2228,0.1735,1.2753,1.2591,1.5457,0.0565,0.0202,0.0202,0.0202,1.3883,0.2906,1.1179,2.1591,0.004,1.6102,1.6506,0.0242,1.134,7.0503,0.0969,1.1381,0.004,0.0484,1.2712,0.1211,0.674,3.1922,3.8097,0.0081,0.0121,0.1937,0.0646,1.2793,1.1865,0.0686,8.6162,0.004,0.0605,0.004,0.1251,0.0081,1.2268,0.4883,1.5941,0.0202,0.0444,5.1051,0.2623,0.1211,0.0081,3.1155,2.6757,0.117,1.352,0.0646,0.0081,2.0138,0.0323,0.0121,0.0081,3.1559,0.7184,0.0081,0.004,0.0242,0.3632,0.0242,0.1009,0.004,0.0
2025-11-11 14:01:00,0.0041,1.0632,0.0081,1.825,0.0204,1.4054,0.0163,0.0204,2.9045,0.0122,0.3951,0.2403,0.22,0.0244,0.11,0.1548,3.8659,0.0244,0.0285,0.2485,1.3525,1.2221,0.0367,1.4869,2.933,0.5336,0.1059,0.3218,0.2078,0.0163,0.0978,0.0163,0.0326,0.0855,0.0367,0.053,0.0285,1.3525,6.5301,4.0614,0.0041,0.1385,0.057,0.0122,1.2221,0.1752,1.2751,1.2588,1.548,0.057,0.0204,0.0204,0.0204,1.385,0.2892,1.1203,2.1631,0.0041,1.6091,1.6539,0.0244,1.1365,7.0515,0.0978,1.1365,0.0041,0.0448,1.2751,0.1181,0.6762,3.1937,3.7885,0.0081,0.0122,0.1955,0.0652,1.2832,1.1895,0.0652,8.6198,0.0041,0.0611,0.0041,0.1263,0.0081,1.2262,0.4888,1.5969,0.0204,0.0448,5.1084,0.2607,0.1222,0.0081,3.1163,2.6764,0.1181,1.3525,0.0652,0.0081,2.0124,0.0326,0.0122,0.0081,3.1571,0.717,0.0081,0.0041,0.0204,0.3626,0.0204,0.1018,0.0041,0.0
2025-11-11 15:01:25,0.0041,1.0608,0.0081,1.825,0.0203,1.4063,0.0163,0.0203,2.9061,0.0122,0.3943,0.2398,0.2195,0.0244,0.1097,0.1545,3.8654,0.0244,0.0285,0.2479,1.3535,1.2194,0.0366,1.4876,2.9305,0.5325,0.1057,0.3211,0.2073,0.0163,0.0975,0.0163,0.0325,0.0854,0.0366,0.0528,0.0285,1.3535,6.5358,4.0605,0.0041,0.1382,0.0569,0.0122,1.2234,0.1748,1.2763,1.26,1.5486,0.0569,0.0203,0.0203,0.0203,1.386,0.2886,1.1218,2.1623,0.0041,1.6096,1.6543,0.0244,1.134,7.052,0.0975,1.1381,0.0041,0.0447,1.2722,0.1179,0.6747,3.1907,3.7922,0.0081,0.0122,0.1951,0.065,1.2803,1.1868,0.0691,8.6168,0.0041,0.061,0.0041,0.126,0.0081,1.2275,0.4877,1.5974,0.0203,0.0447,5.1051,0.2601,0.1219,0.0081,3.1175,2.6785,0.1179,1.3535,0.065,0.0081,2.0119,0.0325,0.0122,0.0081,3.1582,0.7194,0.0081,0.0041,0.0203,0.3658,0.0244,0.1016,0.0041,0.0
2025-11-11 16:00:18,0.0041,1.0624,0.0082,1.8254,0.0205,1.4029,0.0164,0.0205,2.9043,0.0123,0.3938,0.2379,0.2215,0.0246,0.1108,0.1518,3.8641,0.0246,0.0287,0.2461,1.3496,1.2183,0.0369,1.4849,2.933,0.5333,0.1026,0.32,0.2092,0.0164,0.0984,0.0164,0.0328,0.082,0.0369,0.0492,0.0287,1.3537,6.5551,4.061,0.0041,0.1395,0.0574,0.0123,1.2224,0.1764,1.2757,1.2593,1.5465,0.0574,0.0205,0.0205,0.0205,1.3865,0.2912,1.1199,2.1618,0.0041,1.608,1.6531,0.0246,1.1363,7.0514,0.0984,1.1363,0.0041,0.0451,1.2716,0.119,0.6727,3.1914,3.8026,0.0082,0.0123,0.1928,0.0615,1.2798,1.1896,0.0656,8.6184,0.0041,0.0615,0.0041,0.1231,0.0082,1.2265,0.4881,1.5957,0.0205,0.0451,5.1071,0.2625,0.119,0.0082,3.1176,2.6786,0.119,1.3537,0.0656,0.0082,2.0141,0.0328,0.0123,0.0082,3.1545,0.7179,0.0082,0.0041,0.0205,0.3651,0.0205,0.1026,0.0041,0.0
2025-11-11 17:00:24,0.004,1.0623,0.008,1.8252,0.02,1.4058,0.016,0.02,2.9075,0.012,0.3914,0.2396,0.2197,0.024,0.1078,0.1518,3.866,0.024,0.028,0.2476,1.3499,1.2181,0.0359,1.4857,2.9314,0.5312,0.1038,0.3195,0.2077,0.016,0.0959,0.016,0.032,0.0839,0.0359,0.0519,0.028,1.3539,6.5578,4.0577,0.004,0.1398,0.0559,0.012,1.2221,0.1757,1.274,1.262,1.5456,0.0559,0.02,0.02,0.02,1.3858,0.2915,1.1183,2.1606,0.004,1.6095,1.6534,0.028,1.1342,7.049,0.0998,1.1382,0.004,0.0479,1.274,0.1198,0.6749,3.191,3.8021,0.008,0.012,0.1957,0.0639,1.282,1.1861,0.0679,8.6146,0.004,0.0599,0.004,0.1238,0.008,1.2261,0.4872,1.5975,0.02,0.0439,5.108,0.2596,0.1198,0.008,3.1151,2.6758,0.1198,1.3539,0.0679,0.008,2.0129,0.0359,0.012,0.008,3.1551,0.7189,0.008,0.004,0.024,0.3634,0.024,0.1038,0.004,0.0
2025-11-11 18:00:25,0.004,1.0639,0.008,1.8239,0.02,1.4039,0.016,0.02,2.9038,0.012,0.392,0.24,0.22,0.024,0.108,0.152,3.8637,0.024,0.028,0.248,1.3519,1.2199,0.036,1.4839,2.9318,0.532,0.104,0.32,0.208,0.016,0.096,0.016,0.032,0.084,0.036,0.052,0.028,1.3519,6.5555,4.0597,0.004,0.14,0.056,0.012,1.2239,0.176,1.2759,1.2599,1.5479,0.056,0.02,0.02,0.02,1.3879,0.292,1.1199,2.1598,0.004,1.6079,1.6519,0.028,1.1359,7.0474,0.1,1.1359,0.004,0.048,1.2719,0.12,0.6759,3.1917,3.8037,0.008,0.012,0.196,0.064,1.2799,1.1879,0.068,8.6153,0.004,0.06,0.004,0.124,0.008,1.2279,0.488,1.5959,0.02,0.044,5.1076,0.26,0.12,0.008,3.1158,2.6758,0.12,1.3519,0.068,0.008,2.0118,0.036,0.012,0.008,3.1557,0.7159,0.008,0.004,0.024,0.364,0.024,0.104,0.004,0.0
2025-11-11 19:00:18,0.004,1.0633,0.0081,1.8234,0.0202,1.4029,0.0162,0.0202,2.9069,0.0121,0.3922,0.2385,0.2224,0.0243,0.1092,0.1536,3.8651,0.0243,0.0283,0.2466,1.3504,1.221,0.0364,1.4838,2.9312,0.5337,0.1051,0.3194,0.2102,0.0162,0.097,0.0162,0.0323,0.0849,0.0364,0.0526,0.0283,1.3544,6.5578,4.0592,0.004,0.1375,0.0566,0.0121,1.221,0.1738,1.2736,1.2614,1.5485,0.0566,0.0202,0.0202,0.0202,1.3868,0.2911,1.1199,2.159,0.004,1.6091,1.6536,0.0243,1.1361,7.051,0.097,1.1361,0.004,0.0445,1.2736,0.1172,0.6752,3.1899,3.8045,0.0081,0.0121,0.1941,0.0647,1.2816,1.1886,0.0687,8.6157,0.004,0.0606,0.004,0.1253,0.0081,1.225,0.4892,1.597,0.0202,0.0445,5.1063,0.2628,0.1213,0.0081,3.1172,2.6765,0.1172,1.3504,0.0647,0.0081,2.0134,0.0323,0.0121,0.0081,3.1576,0.7156,0.0081,0.004,0.0202,0.3639,0.0243,0.1011,0.004,0.0
2025-11-11 20:00:20,0.0041,1.0643,0.0082,1.8228,0.0204,1.4028,0.0163,0.0204,2.9075,0.0122,0.3915,0.2406,0.2202,0.0245,0.1101,0.155,3.8658,0.0245,0.0285,0.2487,1.3498,1.2193,0.0367,1.4843,2.9319,0.5342,0.1019,0.3181,0.208,0.0163,0.0979,0.0163,0.0326,0.0856,0.0367,0.053,0.0285,1.3538,6.553,4.0615,0.0041,0.1386,0.0571,0.0122,1.2233,0.1753,1.2764,1.26,1.5455,0.0571,0.0204,0.0204,0.0204,1.3865,0.2895,1.1214,2.1612,0.0041,1.6107,1.6515,0.0245,1.1336,7.0505,0.0979,1.1377,0.0041,0.0449,1.2723,0.1183,0.6728,3.1929,3.8005,0.0082,0.0122,0.1957,0.0652,1.2804,1.1866,0.0652,8.6164,0.0041,0.0612,0.0041,0.1264,0.0082,1.2274,0.4893,1.5944,0.0204,0.0449,5.1054,0.261,0.1223,0.0082,3.1154,2.675,0.1183,1.3538,0.0652,0.0082,2.0144,0.0326,0.0122,0.0082,3.1562,0.7177,0.0082,0.0041,0.0204,0.3629,0.0204,0.1019,0.0041,0.0
2025-11-11 21:00:17,0.0041,1.0617,0.0082,1.8213,0.0204,1.4048,0.0163,0.0204,2.9035,0.0123,0.392,0.2409,0.2205,0.0245,0.1103,0.1552,3.8631,0.0245,0.0286,0.2491,1.3517,1.2169,0.0368,1.4824,2.928,0.5309,0.1021,0.3185,0.2083,0.0163,0.098,0.0163,0.0327,0.0858,0.0368,0.049,0.0286,1.3517,6.6237,4.055,0.0041,0.1388,0.0572,0.0123,1.221,0.1756,1.2741,1.2578,1.5436,0.0572,0.0204,0.0204,0.0204,1.3844,0.2899,1.1189,2.1562,0.0041,1.609,1.6498,0.0245,1.1352,7.0443,0.098,1.1352,0.0041,0.0449,1.27,0.1184,0.6738,3.1893,3.8386,0.0082,0.0123,0.196,0.0653,1.2782,1.1883,0.0653,8.6083,0.0041,0.0613,0.0041,0.1225,0.0082,1.2251,0.486,1.5926,0.0204,0.0449,5.1005,0.2614,0.1184,0.0082,3.1117,2.6748,0.1184,1.3517,0.0653,0.0082,2.0091,0.0327,0.0123,0.0082,3.1485,0.7146,0.0082,0.0041,0.0204,0.3634,0.0204,0.1021,0.0041,0.0
2025-11-11 22:00:14,0.0041,1.0603,0.0083,1.8224,0.0207,1.4041,0.0166,0.0207,2.9034,0.0124,0.3935,0.2402,0.2195,0.0249,0.1077,0.1532,3.8602,0.0249,0.029,0.2485,1.3502,1.2177,0.0373,1.4828,2.9283,0.5302,0.1035,0.3189,0.2071,0.0124,0.0994,0.0166,0.029,0.0828,0.0373,0.0497,0.029,1.3502,6.6228,4.0548,0.0041,0.1367,0.0538,0.0124,1.2218,0.174,1.2757,1.2591,1.5449,0.058,0.0207,0.0166,0.0207,1.3834,0.2899,1.1183,2.1579,0.0041,1.607,1.6526,0.0249,1.1349,7.0411,0.0994,1.1349,0.0041,0.0456,1.2715,0.1201,0.6751,3.1892,3.8353,0.0083,0.0124,0.1947,0.0621,1.2798,1.1887,0.0663,8.6067,0.0041,0.0621,0.0041,0.1243,0.0083,1.226,0.4887,1.5946,0.0207,0.0456,5.1027,0.2609,0.1201,0.0083,3.1146,2.6756,0.1201,1.3502,0.0663,0.0083,2.0088,0.0331,0.0124,0.0083,3.1478,0.7165,0.0083,0.0041,0.0207,0.3645,0.0207,0.1035,0.0041,0.0
2025-11-11 23:01:47,0.0041,1.0609,0.0082,1.8228,0.0205,1.405,0.0164,0.0205,2.9042,0.0123,0.3932,0.2376,0.2212,0.0246,0.1106,0.1516,3.8627,0.0246,0.0287,0.2458,1.3517,1.2207,0.0369,1.4828,2.9288,0.5325,0.1024,0.3195,0.2089,0.0164,0.0983,0.0164,0.0328,0.0819,0.0369,0.0492,0.0287,1.3517,6.6112,4.0552,0.0041,0.1393,0.0573,0.0123,1.2207,0.1761,1.2739,1.2575,1.5443,0.0573,0.0205,0.0205,0.0205,1.3845,0.2908,1.1183,2.1587,0.0041,1.6098,1.6508,0.0246,1.1346,7.0413,0.0983,1.1346,0.0041,0.0451,1.2698,0.1188,0.6759,3.1909,3.834,0.0082,0.0123,0.1925,0.0614,1.278,1.1879,0.0655,8.6102,0.0041,0.0614,0.0041,0.1229,0.0082,1.2248,0.4874,1.5934,0.0205,0.0451,5.1038,0.2622,0.1188,0.0082,3.1131,2.6748,0.1188,1.3517,0.0655,0.0082,2.0112,0.0328,0.0123,0.0082,3.15,0.7168,0.0082,0.0041,0.0205,0.3646,0.0205,0.1024,0.0041,0.0
2025-11-12 00:00:16,0.0041,1.0615,0.0083,1.8214,0.0207,1.4043,0.0165,0.0207,2.9035,0.0124,0.3924,0.2396,0.2189,0.0248,0.1074,0.1528,3.8617,0.0248,0.0289,0.2478,1.3506,1.2184,0.0372,1.4827,2.9283,0.5328,0.1033,0.318,0.2065,0.0124,0.0991,0.0165,0.033,0.0826,0.0372,0.0496,0.0289,1.3506,6.6124,4.0558,0.0041,0.1363,0.0537,0.0124,1.2184,0.1735,1.2721,1.2597,1.5447,0.0578,0.0207,0.0165,0.0207,1.3836,0.2891,1.1193,2.1601,0.0041,1.6066,1.6521,0.0248,1.1358,7.042,0.0991,1.1358,0.0041,0.0454,1.2721,0.1198,0.6732,3.1885,3.8328,0.0083,0.0124,0.1941,0.062,1.2804,1.1854,0.0661,8.6114,0.0041,0.062,0.0041,0.1239,0.0083,1.2267,0.4874,1.5943,0.0207,0.0454,5.1008,0.2602,0.1198,0.0083,3.1142,2.6722,0.1198,1.3506,0.0661,0.0083,2.0114,0.033,0.0124,0.0083,3.1513,0.7145,0.0083,0.0041,0.0207,0.3635,0.0207,0.1033,0.0041,0.0207
2025-11-12 01:01:15,0.0041,1.0618,0.0082,1.8214,0.0204,1.4007,0.0163,0.0204,2.9036,0.0123,0.392,0.2409,0.2205,0.0245,0.1103,0.1552,3.8633,0.0245,0.0286,0.2491,1.3517,1.217,0.0368,1.4824,2.9281,0.5309,0.1021,0.3185,0.2083,0.0163,0.098,0.0163,0.0327,0.0858,0.0368,0.049,0.0286,1.3517,6.6117,4.0552,0.0041,0.1388,0.0572,0.0123,1.2211,0.1756,1.2741,1.2578,1.5437,0.0572,0.0204,0.0204,0.0204,1.3844,0.2899,1.119,2.1562,0.0041,1.609,1.6499,0.0245,1.1353,7.0405,0.098,1.1353,0.0041,0.0449,1.2701,0.1184,0.6738,3.1894,3.8347,0.0082,0.0123,0.196,0.0653,1.2782,1.1884,0.0653,8.6086,0.0041,0.0613,0.0041,0.1225,0.0082,1.2251,0.486,1.5927,0.0204,0.0449,5.1007,0.2614,0.1184,0.0082,3.1119,2.6749,0.1184,1.3517,0.0653,0.0082,2.0092,0.0327,0.0123,0.0082,3.1486,0.7147,0.0082,0.0041,0.0204,0.3635,0.0204,0.1021,0.0041,0.0204
2025-11-12 02:00:14,0.0039,1.0627,0.0079,1.8223,0.0197,1.4011,0.0157,0.0197,2.9046,0.0118,0.3936,0.2401,0.2204,0.0236,0.1102,0.1535,3.861,0.0236,0.0276,0.248,1.35,1.2201,0.0354,1.4838,2.9282,0.5313,0.1023,0.3188,0.2086,0.0157,0.0984,0.0157,0.0315,0.0827,0.0394,0.0512,0.0315,1.35,6.6082,4.0538,0.0039,0.1378,0.0551,0.0118,1.2201,0.1732,1.2752,1.2594,1.5468,0.0551,0.0197,0.0197,0.0197,1.3854,0.2912,1.1178,2.1568,0.0039,1.6097,1.6491,0.0276,1.1335,7.0411,0.0984,1.1335,0.0039,0.0472,1.2713,0.1181,0.673,3.188,3.8334,0.0079,0.0118,0.1929,0.063,1.2791,1.1886,0.0669,8.6075,0.0039,0.059,0.0039,0.1259,0.0079,1.224,0.488,1.594,0.0197,0.0472,5.1008,0.2598,0.122,0.0079,3.1132,2.6724,0.1181,1.35,0.0669,0.0079,2.0112,0.0354,0.0118,0.0079,3.1486,0.7163,0.0079,0.0039,0.0236,0.3621,0.0236,0.1023,0.0039,0.0236
2025-11-12 03:00:21,0.0039,1.0599,0.0078,1.8225,0.0196,1.404,0.0156,0.0196,2.902,0.0117,0.3911,0.2386,0.219,0.0235,0.1095,0.1525,3.8641,0.0235,0.0274,0.2464,1.3493,1.2202,0.0352,1.4823,2.9293,0.5319,0.1056,0.3207,0.2073,0.0156,0.0978,0.0156,0.0313,0.0821,0.0391,0.0508,0.0313,1.3532,6.6096,4.0557,0.0039,0.1369,0.0548,0.0117,1.2202,0.176,1.275,1.2593,1.5448,0.0548,0.0196,0.0196,0.0196,1.3845,0.2894,1.1185,2.1589,0.0039,1.6074,1.6504,0.0274,1.1342,7.0437,0.0978,1.1342,0.0039,0.0469,1.2711,0.1173,0.6727,3.1875,3.8328,0.0078,0.0156,0.1955,0.0626,1.2789,1.185,0.0665,8.6081,0.0039,0.0587,0.0039,0.1252,0.0078,1.2241,0.4889,1.5957,0.0196,0.0469,5.0999,0.262,0.1212,0.0078,3.1131,2.6751,0.1173,1.3493,0.0665,0.0078,2.0102,0.0352,0.0117,0.0078,3.1483,0.7157,0.0078,0.0039,0.0235,0.3637,0.0235,0.1017,0.0039,0.0235
2025-11-12 04:00:24,0.0039,1.0603,0.0078,1.8204,0.0195,1.4033,0.0156,0.0195,2.904,0.0117,0.3937,0.2378,0.2222,0.0234,0.1091,0.152,3.8629,0.0234,0.0273,0.2456,1.3487,1.2201,0.0351,1.4851,2.9274,0.5301,0.1052,0.3196,0.2066,0.0156,0.0975,0.0156,0.0312,0.0858,0.039,0.0507,0.0312,1.3526,6.6111,4.0539,0.0039,0.1364,0.0546,0.0117,1.2201,0.1754,1.2747,1.2591,1.5436,0.0546,0.0195,0.0195,0.0195,1.3838,0.2885,1.1187,2.1595,0.0039,1.606,1.6489,0.0273,1.1343,7.0437,0.0975,1.1343,0.0039,0.0468,1.2708,0.1208,0.6744,3.1886,3.8318,0.0078,0.0156,0.1949,0.0624,1.2786,1.185,0.0663,8.6068,0.0039,0.0624,0.0039,0.1247,0.0078,1.224,0.4873,1.5943,0.0195,0.0468,5.1025,0.2612,0.1208,0.0078,3.1145,2.674,0.1169,1.3526,0.0663,0.0078,2.0114,0.0351,0.0117,0.0078,3.1496,0.7172,0.0078,0.0039,0.0234,0.3625,0.0234,0.1013,0.0039,0.0234
2025-11-12 05:00:16,0.0039,1.0624,0.0078,1.8229,0.0196,1.4034,0.0157,0.0196,2.9049,0.0118,0.392,0.2391,0.2195,0.0235,0.1098,0.1529,3.8614,0.0235,0.0274,0.247,1.3485,1.2192,0.0353,1.4858,2.9284,0.5331,0.1019,0.3175,0.2078,0.0157,0.098,0.0157,0.0314,0.0823,0.0392,0.051,0.0314,1.3525,6.6094,4.0535,0.0039,0.1372,0.0549,0.0118,1.2192,0.1725,1.2741,1.2584,1.5446,0.0549,0.0196,0.0196,0.0196,1.3838,0.2901,1.1173,2.16,0.0039,1.6073,1.6504,0.0274,1.1329,7.0407,0.098,1.1369,0.0039,0.047,1.2701,0.1176,0.6743,3.1871,3.83,0.0078,0.0157,0.196,0.0627,1.278,1.1878,0.0666,8.6087,0.0039,0.0588,0.0039,0.1254,0.0078,1.227,0.4861,1.5955,0.0196,0.047,5.1002,0.2627,0.1215,0.0078,3.1126,2.6736,0.1176,1.3525,0.0666,0.0078,2.0111,0.0353,0.0118,0.0078,3.1479,0.7174,0.0078,0.0039,0.0235,0.3646,0.0235,0.1019,0.0039,0.0235
2025-11-12 06:00:22,0.0038,1.06,0.0076,1.8226,0.0191,1.4032,0.0153,0.0191,2.9017,0.0114,0.3927,0.2402,0.2212,0.0267,0.1106,0.1525,3.8626,0.0229,0.0267,0.2478,1.3498,1.2202,0.0381,1.4833,2.9284,0.53,0.103,0.3203,0.2097,0.0153,0.0991,0.0153,0.0305,0.0839,0.0381,0.0496,0.0305,1.3498,6.6079,4.0532,0.0038,0.1373,0.0572,0.0153,1.2202,0.1754,1.2735,1.2583,1.5443,0.0572,0.0191,0.0191,0.0191,1.3841,0.2898,1.1172,2.1582,0.0038,1.6091,1.651,0.0267,1.1325,7.0426,0.0991,1.1363,0.0038,0.0458,1.2697,0.1182,0.6749,3.1877,3.8321,0.0076,0.0153,0.1945,0.0648,1.2812,1.1858,0.0686,8.606,0.0038,0.061,0.0038,0.1258,0.0076,1.224,0.4881,1.5938,0.0191,0.0458,5.1018,0.2631,0.122,0.0076,3.1114,2.6729,0.1182,1.3498,0.0648,0.0076,2.0095,0.0343,0.0114,0.0076,3.1495,0.7168,0.0076,0.0038,0.0229,0.3622,0.0229,0.103,0.0038,0.0229
2025-11-12 07:00:18,0.0039,1.0633,0.0077,1.8211,0.0193,1.4035,0.0155,0.0193,2.9038,0.0116,0.3944,0.2397,0.2204,0.0232,0.1083,0.1547,3.8627,0.0232,0.0271,0.2475,1.3494,1.218,0.0387,1.4847,2.927,0.5297,0.1044,0.3171,0.2088,0.0155,0.0967,0.0155,0.0309,0.0851,0.0387,0.0503,0.0309,1.3533,6.6118,4.056,0.0039,0.1392,0.0541,0.0116,1.2218,0.174,1.2721,1.2605,1.5466,0.058,0.0193,0.0193,0.0193,1.3842,0.29,1.1174,2.1575,0.0039,1.6085,1.651,0.0271,1.1329,7.0409,0.0967,1.1368,0.0039,0.0464,1.2721,0.1199,0.6728,3.1899,3.8317,0.0077,0.0155,0.1933,0.0619,1.2798,1.187,0.0657,8.6069,0.0039,0.0619,0.0039,0.1237,0.0077,1.2257,0.4872,1.593,0.0193,0.0464,5.0999,0.2629,0.1199,0.0077,3.1126,2.6718,0.1199,1.3494,0.0657,0.0077,2.0106,0.0348,0.0116,0.0077,3.1474,0.7153,0.0077,0.0039,0.0232,0.3635,0.0232,0.1005,0.0039,0.0232
2025-11-12 08:00:11,0.0039,1.0606,0.0078,1.821,0.0195,1.4038,0.0156,0.0195,2.9012,0.0117,0.3938,0.2379,0.2223,0.0234,0.1092,0.1521,3.8604,0.0234,0.0273,0.2457,1.3492,1.2205,0.0351,1.4857,2.9284,0.5303,0.1053,0.3198,0.2067,0.0156,0.0975,0.0156,0.0312,0.0858,0.039,0.0507,0.0312,1.3531,6.6134,4.0554,0.0039,0.1365,0.0546,0.0117,1.2205,0.1755,1.2751,1.2595,1.5442,0.0546,0.0195,0.0195,0.0195,1.3843,0.2886,1.1191,2.1564,0.0039,1.6066,1.6494,0.0273,1.1347,7.0423,0.0975,1.1347,0.0039,0.0468,1.2712,0.1209,0.6746,3.1897,3.8331,0.0078,0.0156,0.195,0.0624,1.279,1.1854,0.0663,8.6099,0.0039,0.0624,0.0039,0.1248,0.0078,1.2244,0.4874,1.5949,0.0195,0.0468,5.1004,0.2613,0.1209,0.0078,3.1117,2.675,0.117,1.3492,0.0663,0.0078,2.0082,0.0351,0.0117,0.0078,3.1468,0.7175,0.0078,0.0039,0.0234,0.3626,0.0234,0.1014,0.0039,0.0234
2025-11-12 09:00:11,0.0039,1.0597,0.0078,1.8234,0.0195,1.4026,0.0156,0.0195,2.9026,0.0117,0.3935,0.2377,0.2221,0.0234,0.1091,0.1519,3.861,0.0234,0.0273,0.2493,1.3519,1.2195,0.0351,1.4844,2.9298,0.5299,0.1052,0.3195,0.2065,0.0156,0.0974,0.0156,0.0312,0.0857,0.039,0.0506,0.0312,1.3519,6.6116,4.0558,0.0039,0.1364,0.0545,0.0117,1.2195,0.1753,1.274,1.2584,1.5467,0.0545,0.0195,0.0195,0.0195,1.3831,0.2883,1.1182,2.1584,0.0039,1.6091,1.6519,0.0273,1.1338,7.0441,0.0974,1.1338,0.0039,0.0468,1.2701,0.1208,0.674,3.187,3.8298,0.0078,0.0156,0.1948,0.0623,1.2779,1.1883,0.0662,8.6103,0.0039,0.0623,0.0039,0.1247,0.0078,1.2234,0.487,1.5935,0.0195,0.0468,5.0999,0.261,0.1208,0.0078,3.1129,2.6727,0.1169,1.3519,0.0662,0.0078,2.0104,0.0351,0.0117,0.0078,3.148,0.7169,0.0078,0.0039,0.0234,0.3623,0.0234,0.1013,0.0039,0.0234
2025-11-12 10:00:15,0.0039,1.062,0.0078,1.8216,0.0194,1.403,0.0155,0.0194,2.903,0.0116,0.3915,0.2403,0.2209,0.0233,0.1085,0.155,3.8603,0.0233,0.0271,0.2481,1.3488,1.217,0.0349,1.4844,2.9262,0.531,0.1046,0.3178,0.2093,0.0155,0.0969,0.0155,0.031,0.0853,0.0388,0.0504,0.031,1.3527,6.6083,4.0541,0.0039,0.1395,0.0543,0.0116,1.2209,0.1744,1.2751,1.2596,1.5465,0.0581,0.0194,0.0194,0.0194,1.3837,0.2907,1.1201,2.1588,0.0039,1.6085,1.6511,0.0271,1.1317,7.0424,0.0969,1.1356,0.0039,0.0465,1.2713,0.1202,0.6744,3.1898,3.8293,0.0078,0.0155,0.1938,0.062,1.279,1.186,0.0659,8.6082,0.0039,0.062,0.0039,0.124,0.0078,1.2248,0.4884,1.593,0.0194,0.0465,5.1006,0.2597,0.1202,0.0078,3.1123,2.6743,0.1202,1.3527,0.0659,0.0078,2.0115,0.0349,0.0116,0.0078,3.1472,0.717,0.0078,0.0039,0.0233,0.3643,0.0233,0.1008,0.0039,0.0233
2025-11-12 11:01:22,0.0039,1.0614,0.0077,1.8206,0.0194,1.4022,0.0155,0.0194,2.9013,0.0116,0.3912,0.2402,0.2208,0.0232,0.1085,0.1549,3.8619,0.0232,0.0271,0.2479,1.3519,1.2202,0.0349,1.4836,2.9284,0.5307,0.1046,0.3176,0.2092,0.0155,0.0968,0.0155,0.031,0.0852,0.0387,0.0504,0.031,1.3519,6.6122,4.0556,0.0039,0.1394,0.0542,0.0116,1.2202,0.1743,1.2744,1.2589,1.5456,0.0581,0.0194,0.0194,0.0194,1.3829,0.2905,1.1195,2.1576,0.0039,1.6075,1.6501,0.0271,1.135,7.0421,0.0968,1.135,0.0039,0.0465,1.2705,0.1201,0.674,3.1879,3.831,0.0077,0.0155,0.1937,0.062,1.2783,1.1853,0.0659,8.6071,0.0039,0.062,0.0039,0.124,0.0077,1.224,0.4881,1.5959,0.0194,0.0465,5.1015,0.2595,0.1201,0.0077,3.1143,2.6728,0.1201,1.3519,0.0659,0.0077,2.0104,0.0349,0.0116,0.0077,3.1492,0.7166,0.0077,0.0039,0.0232,0.3641,0.0232,0.1007,0.0039,0.0232
2025-11-12 12:00:54,0.0039,1.0623,0.0078,1.8221,0.0194,1.4034,0.0155,0.0194,2.9038,0.0116,0.3916,0.2404,0.221,0.0233,0.1086,0.1551,3.8614,0.0233,0.0271,0.2481,1.3492,1.2173,0.0349,1.4848,2.927,0.5311,0.1047,0.3179,0.2094,0.0155,0.0969,0.0155,0.031,0.0853,0.0388,0.0504,0.031,1.353,6.6139,4.0552,0.0039,0.1396,0.0543,0.0116,1.2212,0.1745,1.2716,1.26,1.5469,0.0582,0.0194,0.0194,0.0194,1.384,0.2908,1.1165,2.1594,0.0039,1.6089,1.6515,0.0271,1.132,7.0404,0.0969,1.1359,0.0039,0.0465,1.2716,0.1202,0.6746,3.1868,3.8342,0.0078,0.0155,0.1938,0.062,1.2794,1.1863,0.0659,8.6067,0.0039,0.062,0.0039,0.1241,0.0078,1.2251,0.4885,1.5934,0.0194,0.0465,5.0981,0.2598,0.1202,0.0078,3.1131,2.6712,0.1202,1.3492,0.0659,0.0078,2.0082,0.0349,0.0116,0.0078,3.148,0.7172,0.0078,0.0039,0.0233,0.3644,0.0233,0.1008,0.0039,0.0233
2025-11-12 13:00:17,0.0039,1.0617,0.0077,1.8212,0.0194,1.4027,0.0155,0.0194,2.9023,0.0116,0.3914,0.2402,0.2209,0.0232,0.1085,0.155,3.8633,0.0232,0.0271,0.248,1.3485,1.2167,0.0349,1.4841,2.9294,0.5309,0.1046,0.3177,0.2092,0.0155,0.0969,0.0155,0.031,0.0852,0.0387,0.0504,0.031,1.3523,6.6145,4.0532,0.0039,0.1395,0.0542,0.0116,1.2206,0.1744,1.2748,1.2593,1.5461,0.0581,0.0194,0.0194,0.0194,1.3833,0.2906,1.1199,2.1583,0.0039,1.6081,1.6507,0.0271,1.1354,7.0407,0.0969,1.1354,0.0039,0.0465,1.271,0.1201,0.6742,3.1891,3.8323,0.0077,0.0155,0.1937,0.062,1.2787,1.1857,0.0659,8.6062,0.0039,0.062,0.0039,0.124,0.0077,1.2245,0.4882,1.5926,0.0194,0.0465,5.0994,0.2596,0.1201,0.0077,3.1116,2.6737,0.1201,1.3523,0.0659,0.0077,2.0111,0.0349,0.0116,0.0077,3.1464,0.7169,0.0077,0.0039,0.0232,0.3642,0.0232,0.1007,0.0039,0.0232
2025-11-12 14:00:32,0.0039,1.0616,0.0077,1.8209,0.0194,1.4025,0.0155,0.0194,2.9019,0.0116,0.3913,0.2402,0.2208,0.0232,0.1085,0.155,3.8627,0.0232,0.0271,0.248,1.3483,1.2204,0.0349,1.4839,2.929,0.5308,0.1046,0.3177,0.2092,0.0155,0.0969,0.0155,0.031,0.0852,0.0387,0.0504,0.031,1.3521,6.6135,4.0525,0.0039,0.1395,0.0542,0.0116,1.2204,0.1743,1.2747,1.2592,1.5459,0.0581,0.0194,0.0194,0.0194,1.3831,0.2906,1.1197,2.158,0.0039,1.6078,1.6505,0.0271,1.1352,7.0396,0.0969,1.1352,0.0039,0.0465,1.2708,0.1201,0.6741,3.1886,3.8317,0.0077,0.0155,0.1937,0.062,1.2785,1.1855,0.0659,8.6087,0.0039,0.062,0.0039,0.124,0.0077,1.2243,0.4882,1.5923,0.0194,0.0465,5.1025,0.2596,0.1201,0.0077,3.1111,2.6733,0.1201,1.3521,0.0659,0.0077,2.0108,0.0349,0.0116,0.0077,3.1498,0.7167,0.0077,0.0039,0.0232,0.3642,0.0232,0.1007,0.0039,0.0232
2025-11-12 15:00:31,0.0039,1.0645,0.0079,1.8225,0.0196,1.4023,0.0157,0.0196,2.9066,0.0118,0.3928,0.2396,0.22,0.0236,0.11,0.1532,3.865,0.0236,0.0275,0.2475,1.3512,1.2216,0.0354,1.4847,2.9302,0.5303,0.1021,0.3182,0.2082,0.0157,0.0982,0.0157,0.0314,0.0825,0.0393,0.0511,0.0314,1.3512,6.6185,4.0575,0.0039,0.1375,0.055,0.0118,1.2216,0.1728,1.2766,1.2609,1.5476,0.055,0.0196,0.0196,0.0196,1.3865,0.2907,1.1194,2.1603,0.0039,1.6104,1.6536,0.0275,1.1352,7.0506,0.0,1.1352,0.0039,0.0471,1.2726,0.1178,0.6756,3.1934,3.8375,0.0079,0.0118,0.1964,0.0628,1.2805,1.1862,0.0668,8.6178,0.0039,0.0589,0.0039,0.1257,0.0079,1.2255,0.4871,1.5947,0.0196,0.0471,5.1062,0.2632,0.1218,0.0079,3.1148,2.6749,0.1178,1.3512,0.0668,0.0079,2.0111,0.0354,0.0118,0.0079,3.1502,0.7188,0.0079,0.0039,0.0236,0.3653,0.0236,0.1021,0.0039,0.0236
2025-11-12 16:00:25,0.004,1.0612,0.008,1.8231,0.0199,1.4042,0.016,0.0199,2.9042,0.012,0.3949,0.2394,0.2194,0.0239,0.1077,0.1556,3.8656,0.0239,0.0279,0.2473,1.3524,1.2207,0.0359,1.484,2.9321,0.5306,0.1037,0.3191,0.2074,0.016,0.0997,0.016,0.0319,0.0838,0.0359,0.0519,0.0279,1.3524,6.6103,4.0571,0.004,0.1396,0.0559,0.012,1.2207,0.1755,1.2766,1.2606,1.5479,0.0559,0.0199,0.0199,0.0199,1.3843,0.2912,1.121,2.1622,0.004,1.6077,1.6516,0.0279,1.133,7.0491,0.0,1.137,0.004,0.0479,1.2726,0.1197,0.6742,3.1914,3.8337,0.008,0.012,0.1955,0.0638,1.2806,1.1888,0.0678,8.6169,0.004,0.0598,0.004,0.1237,0.008,1.2247,0.4867,1.5957,0.0199,0.0439,5.1063,0.2633,0.1197,0.008,3.1157,2.6768,0.1197,1.3524,0.0678,0.008,2.0106,0.0359,0.012,0.008,3.1516,0.7181,0.008,0.004,0.0239,0.363,0.0239,0.1037,0.004,0.0239
2025-11-12 17:00:17,0.0041,1.0618,0.0082,1.8231,0.0206,1.4033,0.0165,0.0206,2.9055,0.0123,0.3951,0.2387,0.2222,0.0247,0.1111,0.1523,3.8685,0.0247,0.0288,0.2469,1.354,1.2223,0.037,1.4857,2.9343,0.5309,0.1029,0.321,0.2099,0.0123,0.0988,0.0165,0.0329,0.0823,0.037,0.0494,0.0288,1.354,6.5887,4.0619,0.0041,0.1399,0.0576,0.0123,1.2223,0.1728,1.2758,1.2593,1.5474,0.0576,0.0206,0.0165,0.0206,1.3869,0.2922,1.1194,2.1606,0.0041,1.6091,1.6544,0.0247,1.1358,7.0538,0.0,1.1358,0.0041,0.0453,1.2717,0.1193,0.6749,3.1935,3.8232,0.0082,0.0123,0.1934,0.0617,1.2799,1.1893,0.0658,8.6218,0.0041,0.0617,0.0041,0.1235,0.0082,1.2264,0.4897,1.5968,0.0206,0.0453,5.1072,0.2634,0.1193,0.0082,3.1154,2.6791,0.1193,1.354,0.0658,0.0082,2.0124,0.0329,0.0123,0.0082,3.1565,0.7161,0.0082,0.0041,0.0206,0.3622,0.0206,0.1029,0.0041,0.0206
2025-11-12 18:00:26,0.0041,1.0614,0.0082,1.8224,0.0206,1.4028,0.0165,0.0206,2.9044,0.0123,0.3949,0.2386,0.2221,0.0247,0.1111,0.1522,3.867,0.0247,0.0288,0.2468,1.3535,1.2218,0.037,1.4851,2.9332,0.5307,0.1028,0.3209,0.2098,0.0123,0.0987,0.0165,0.0329,0.0823,0.037,0.0494,0.0288,1.3535,6.611,4.0604,0.0041,0.1399,0.0576,0.0123,1.2218,0.1728,1.2753,1.2588,1.5468,0.0576,0.0206,0.0165,0.0206,1.3864,0.2921,1.119,2.1598,0.0041,1.6085,1.6538,0.0247,1.1354,7.0512,0.0,1.1354,0.0041,0.0453,1.2712,0.1193,0.6747,3.1924,3.8341,0.0082,0.0123,0.1934,0.0617,1.2794,1.1889,0.0658,8.6186,0.0041,0.0617,0.0041,0.1234,0.0082,1.2259,0.4896,1.5962,0.0206,0.0453,5.1053,0.2633,0.1193,0.0082,3.1183,2.6781,0.1193,1.3535,0.0658,0.0082,2.0117,0.0329,0.0123,0.0082,3.1512,0.7158,0.0082,0.0041,0.0206,0.362,0.0206,0.1028,0.0041,0.0206
2025-11-12 19:00:31,0.0041,1.0615,0.0082,1.8238,0.0205,1.4057,0.0164,0.0205,2.9057,0.0123,0.3934,0.2377,0.2213,0.0246,0.1107,0.1557,3.8648,0.0246,0.0287,0.2459,1.3525,1.2213,0.0369,1.4877,2.9303,0.5328,0.1025,0.3197,0.209,0.0164,0.0984,0.0164,0.0328,0.0861,0.0369,0.0492,0.0287,1.3525,6.6107,4.0574,0.0041,0.1393,0.0574,0.0123,1.2213,0.1762,1.2746,1.2582,1.5451,0.0574,0.0205,0.0205,0.0205,1.3852,0.291,1.1189,2.1598,0.0041,1.6107,1.6516,0.0246,1.1352,7.0492,0.0,1.1352,0.0041,0.0451,1.2746,0.1189,0.6762,3.1926,3.8361,0.0082,0.0123,0.1926,0.0615,1.2828,1.1885,0.0656,8.6189,0.0041,0.0615,0.0041,0.123,0.0082,1.2254,0.4877,1.5943,0.0205,0.0451,5.1066,0.2623,0.1189,0.0082,3.1148,2.6762,0.1189,1.3525,0.0656,0.0082,2.0123,0.0328,0.0123,0.0082,3.1516,0.7172,0.0082,0.0041,0.0205,0.3648,0.0205,0.1025,0.0041,0.0205
2025-11-12 20:00:17,0.0041,1.0612,0.0083,1.8251,0.0206,1.4039,0.0165,0.0206,2.9069,0.0124,0.3923,0.2395,0.2188,0.0248,0.1074,0.1528,3.869,0.0248,0.0289,0.2477,1.3502,1.2222,0.0372,1.4865,2.9317,0.5327,0.1032,0.3179,0.2106,0.0124,0.0991,0.0165,0.033,0.0826,0.0372,0.0495,0.0289,1.3544,6.6108,4.059,0.0041,0.1363,0.0537,0.0124,1.2222,0.1734,1.2759,1.2594,1.5484,0.0578,0.0206,0.0165,0.0206,1.3874,0.289,1.119,2.1596,0.0041,1.6104,1.6517,0.0248,1.1355,7.0526,0.0,1.1355,0.0041,0.0454,1.2718,0.1197,0.6731,3.1918,3.8319,0.0083,0.0124,0.1941,0.0619,1.28,1.1892,0.0661,8.6176,0.0041,0.0619,0.0041,0.1239,0.0083,1.2264,0.4872,1.598,0.0206,0.0454,5.1078,0.2601,0.1197,0.0083,3.1175,2.6757,0.1197,1.3544,0.0661,0.0083,2.0109,0.033,0.0124,0.0083,3.1547,0.7185,0.0083,0.0041,0.0206,0.3634,0.0206,0.1032,0.0041,0.0206
2025-11-12 21:00:12,0.004,1.0642,0.0081,1.825,0.0202,1.4041,0.0162,0.0202,2.9054,0.0121,0.3925,0.2387,0.2226,0.0243,0.1093,0.1538,3.8644,0.0243,0.0283,0.2468,1.3515,1.218,0.0364,1.485,2.9296,0.5341,0.1052,0.3197,0.2104,0.0162,0.0971,0.0162,0.0324,0.085,0.0364,0.0526,0.0283,1.3515,6.6119,4.0586,0.004,0.1376,0.0567,0.0121,1.222,0.174,1.2746,1.2584,1.5457,0.0567,0.0202,0.0202,0.0202,1.3879,0.2913,1.1209,2.1608,0.004,1.6105,1.651,0.0243,1.133,7.0489,0.0,1.1371,0.004,0.0445,1.2746,0.1173,0.6758,3.1927,3.836,0.0081,0.0121,0.1942,0.0647,1.2827,1.1897,0.0688,8.6149,0.004,0.0607,0.004,0.1254,0.0081,1.2261,0.4856,1.5943,0.0202,0.0445,5.1066,0.263,0.1214,0.0081,3.1158,2.6747,0.1173,1.3515,0.0647,0.0081,2.0111,0.0324,0.0121,0.0081,3.1522,0.7162,0.0081,0.004,0.0202,0.3642,0.0243,0.1012,0.004,0.0243
2025-11-12 22:00:13,0.0041,1.0613,0.0081,1.8228,0.0203,1.4056,0.0162,0.0203,2.9044,0.0122,0.3929,0.239,0.2187,0.0243,0.1094,0.1539,3.8644,0.0243,0.0284,0.2471,1.3529,1.2193,0.0365,1.4866,2.9287,0.5306,0.1053,0.32,0.2066,0.0162,0.0972,0.0162,0.0324,0.0851,0.0365,0.0527,0.0284,1.3529,6.6229,4.0588,0.0041,0.1377,0.0567,0.0122,1.2193,0.1742,1.276,1.2598,1.5474,0.0567,0.0203,0.0203,0.0203,1.3853,0.2917,1.118,2.159,0.0041,1.6081,1.6527,0.0243,1.1342,7.0482,0.0,1.1383,0.0041,0.0446,1.2719,0.1175,0.6765,3.192,3.8401,0.0081,0.0122,0.1944,0.0648,1.28,1.1869,0.0689,8.6159,0.0041,0.0608,0.0041,0.1256,0.0081,1.2274,0.4861,1.596,0.0203,0.0446,5.1039,0.2633,0.1215,0.0081,3.115,2.6775,0.1175,1.3529,0.0648,0.0081,2.0132,0.0324,0.0122,0.0081,3.1515,0.717,0.0081,0.0041,0.0203,0.3646,0.0243,0.1013,0.0041,0.0203
2025-11-12 23:00:15,0.0041,1.0612,0.0081,1.8227,0.0203,1.4055,0.0162,0.0203,2.9042,0.0122,0.3929,0.239,0.2187,0.0243,0.1094,0.1539,3.8642,0.0243,0.0284,0.2471,1.3529,1.2192,0.0365,1.4866,2.9285,0.5306,0.1053,0.32,0.2066,0.0162,0.0972,0.0162,0.0324,0.0851,0.0365,0.0527,0.0284,1.3529,6.647,4.0546,0.0041,0.1377,0.0567,0.0122,1.2192,0.1742,1.2759,1.2597,1.5473,0.0567,0.0203,0.0203,0.0203,1.3853,0.2916,1.118,2.1589,0.0041,1.6081,1.6526,0.0243,1.1342,7.0439,0.0,1.1342,0.0041,0.0446,1.2719,0.1175,0.6764,3.1918,3.848,0.0081,0.0122,0.1944,0.0648,1.28,1.1868,0.0689,8.6115,0.0041,0.0608,0.0041,0.1256,0.0081,1.2273,0.4861,1.5959,0.0203,0.0446,5.1037,0.2633,0.1215,0.0081,3.1149,2.6734,0.1175,1.3529,0.0648,0.0081,2.0091,0.0324,0.0122,0.0081,3.1473,0.7169,0.0081,0.0041,0.0203,0.3645,0.0243,0.1013,0.0041,0.0203
