timestamp,1d5fu.wam,1hhi.wam,1okqy.wam,23.vm.wam,2frba.wam,2tmay.wam,35kos.c.wam,3xasq.wam,51.ea.wam,5flre.wam,5j1xs.wam,5ojx.wam,advobrovivek,afkow.c.wam,afyfc.wam,aqnr2.wam,bd2si.wam,bg5t.wam,bpufw.wam,byxxo.wam,cakhm.wam,callmetrader,cckxa.wam,chfaa.c.wam,colonyonmars,db1rc.wam,dvth4.wam,eu5b.wam,f.haq.wam,f3ira.wam,fy5b2.wam,gamerscorner,grdx2.wam,gwvcg.wam,gx1ec.wam,h2rbi.wam,h4tb.wam,ilgvg.wam,izngs.wam,jnfba.wam,jpistheway2b,juicymeloon3,k1kaw.wam,kbcrc.wam,knxwm.wam,krakenslappu,lagh2.wam,m2txc.wam,mango1anchor,mcwra.wam,merqy.wam,mfacc5432111,n5f4u.c.wam,nrqk2.c.wam,o3.qy.wam,owfqy.wam,p34r.wam,palb.wam,pdzmitryblr1,pfbqw.wam,pfjr.wam,pyprg.wam,qm3r2.wam,qz5vu.wam,r2t.e.wam,rde12.c.wam,rjvbg.wam,rm2.k.wam,rp5qy.wam,rwjb4.wam,sc3ha.wam,ss4uk.wam,sxyqy.wam,tevhtftdbnde,thefoxslayer,tuyt.wam,uizem.wam,vacationless,vr2ng.c.wam,wdqbc.wam,wirawantegar,wzbvk.wam,xoehi.wam,xwfaw.wam,yyfr2.wam,zuqgg.wam,zzeba.wam
2025-11-10 22:00:18,0.1871,0.7485,1.5624,0.014,0.0094,0.0468,1.2911,0.2854,0.2292,0.0327,25.8362,5.9176,0.1871,1.0993,0.4865,0.0047,1.2163,2.1799,0.1778,1.3426,0.0374,0.7952,0.0047,1.7262,1.5297,0.6175,0.014,2.5962,0.0047,0.0795,0.0094,0.1029,0.014,0.0374,0.0047,2.6477,1.6841,0.0047,0.3181,0.1123,0.3462,1.3566,0.0281,2.7553,0.4117,1.2256,1.0432,1.4735,1.1601,0.0748,1.5765,2.8956,1.0479,0.5473,0.2058,1.4595,1.8384,0.014,2.0255,0.9824,0.0047,0.1216,0.6689,0.0421,0.1076,1.4221,8.6869,0.0047,0.0094,4.4768,0.0608,0.014,0.0047,0.0187,1.6139,0.0094,0.0374,0.3415,1.787,1.2022,0.014,1.5624,0.0281,0.0047,0.014,0.0702,0.0094
2025-11-10 23:00:40,0.1877,0.746,1.5624,0.0141,0.0094,0.0469,1.2903,0.2862,0.2299,0.0328,25.8293,5.9166,0.1877,1.0979,0.4833,0.0047,1.2152,2.1771,0.1783,1.3419,0.0375,0.7929,0.0047,1.7266,1.5296,0.6193,0.0141,2.5994,0.0047,0.0798,0.0094,0.1032,0.0141,0.0375,0.0047,2.651,1.6844,0.0047,0.3144,0.1126,0.3472,1.356,0.0282,2.7542,0.4129,1.2246,1.0416,1.4733,1.1589,0.0751,1.5765,2.8949,1.051,0.549,0.2018,1.4592,1.8393,0.0141,2.0269,0.9853,0.0047,0.122,0.671,0.0422,0.1079,1.4217,8.7036,0.0047,0.0094,4.4761,0.061,0.0141,0.0047,0.0188,1.614,0.0094,0.0375,0.3425,1.7876,1.2011,0.0141,1.5624,0.0282,0.0047,0.0094,0.0657,0.0094
2025-11-11 00:00:57,0.1845,0.7476,1.5615,0.0142,0.0095,0.0473,1.2918,0.2839,0.2319,0.0331,25.8269,5.9149,0.1845,1.0978,0.4827,0.0047,1.2161,2.1767,0.1798,1.3439,0.0379,0.795,0.0047,1.7224,1.5284,0.6152,0.0142,2.5978,0.0047,0.0757,0.0095,0.1041,0.0142,0.0379,0.0047,2.6499,1.6846,0.0047,0.317,0.1136,0.3454,1.3533,0.0284,2.754,0.4117,1.2256,1.0458,1.4764,1.1593,0.071,1.5757,2.8959,1.0505,0.5489,0.2035,1.4574,1.8407,0.0142,2.0253,0.9842,0.0047,0.123,0.6719,0.0426,0.1088,1.4243,8.7115,0.0047,0.0095,4.4764,0.0615,0.0142,0.0047,0.0189,1.6136,0.0095,0.0379,0.3407,1.7887,1.2019,0.0142,1.5615,0.0284,0.0047,0.0095,0.0662,0.0095
2025-11-11 01:00:17,0.1858,0.7478,1.5623,0.0143,0.0095,0.0476,1.2908,0.2858,0.2286,0.0333,25.8252,5.9157,0.1858,1.1003,0.4858,0.0048,1.2193,2.1767,0.1762,1.3432,0.0381,0.7954,0.0048,1.7242,1.5289,0.6192,0.0143,2.5959,0.0048,0.0762,0.0095,0.1048,0.0143,0.0381,0.0048,2.6482,1.6861,0.0048,0.3144,0.1143,0.3477,1.3575,0.0286,2.753,0.4096,1.2289,1.0431,1.4765,1.1622,0.0714,1.5766,2.8959,1.0479,0.5477,0.2048,1.4575,1.8385,0.0143,2.0243,0.9812,0.0048,0.1238,0.6716,0.0429,0.1048,1.4241,8.7068,0.0048,0.0095,4.4725,0.0619,0.0143,0.0048,0.0191,1.6147,0.0095,0.0381,0.3429,1.7861,1.2003,0.0143,1.5623,0.0286,0.0048,0.0095,0.0667,0.0095
2025-11-11 02:01:17,0.189,0.7465,1.5592,0.0142,0.0094,0.0472,1.2899,0.2835,0.2315,0.0331,25.8304,5.9154,0.1843,1.1009,0.4867,0.0047,1.219,2.1781,0.1795,1.3418,0.0378,0.7938,0.0047,1.7245,1.5308,0.6189,0.0142,2.5986,0.0047,0.0803,0.0094,0.1039,0.0142,0.0378,0.0047,2.6506,1.682,0.0047,0.3166,0.1134,0.3496,1.356,0.0283,2.7545,0.4111,1.2284,1.0442,1.4741,1.1623,0.0709,1.5734,2.8963,1.0489,0.5481,0.2032,1.4552,1.8379,0.0142,2.0222,0.9828,0.0047,0.1228,0.6709,0.0425,0.1087,1.4222,8.7078,0.0047,0.0094,4.4744,0.0614,0.0142,0.0047,0.0189,1.6159,0.0094,0.0378,0.3402,1.786,1.2001,0.0142,1.5592,0.0283,0.0047,0.0094,0.0661,0.0094
2025-11-11 03:00:20,0.186,0.7488,1.5581,0.014,0.0093,0.0465,1.293,0.2837,0.2325,0.0326,25.8314,5.916,0.186,1.0976,0.4837,0.0047,1.2185,2.1766,0.1767,1.3441,0.0419,0.7953,0.0047,1.7255,1.5302,0.6186,0.014,2.5952,0.0047,0.0791,0.0093,0.1023,0.014,0.0372,0.0047,2.6464,1.6836,0.0047,0.3163,0.1116,0.3488,1.3534,0.0279,2.7534,0.4093,1.2278,1.0418,1.4744,1.1581,0.0744,1.5767,2.8975,1.0511,0.5488,0.2046,1.4557,1.8418,0.014,2.0232,0.9813,0.0047,0.1209,0.6697,0.0419,0.107,1.4232,8.7112,0.0047,0.0093,4.4742,0.0605,0.014,0.0047,0.0186,1.6139,0.0093,0.0372,0.3442,1.786,1.1999,0.014,1.5627,0.0279,0.0047,0.014,0.0698,0.0093
2025-11-11 04:00:13,0.1861,0.7492,1.5589,0.014,0.0093,0.0465,1.289,0.2839,0.2327,0.0326,25.8318,5.9147,0.1861,1.0982,0.484,0.0047,1.2192,2.1779,0.1768,1.3449,0.0419,0.7958,0.0047,1.7265,1.5264,0.6189,0.014,2.5967,0.0047,0.0791,0.0093,0.1024,0.014,0.0372,0.0047,2.6479,1.6846,0.0047,0.3164,0.1117,0.349,1.3542,0.0279,2.7549,0.4095,1.2285,1.0424,1.4752,1.1587,0.0745,1.5729,2.8945,1.047,0.5491,0.2048,1.4566,1.8428,0.014,2.0243,0.9819,0.0047,0.121,0.6701,0.0419,0.107,1.424,8.7161,0.0047,0.0093,4.4721,0.0605,0.014,0.0047,0.0186,1.6148,0.0093,0.0372,0.3397,1.787,1.2006,0.014,1.5589,0.0279,0.0047,0.014,0.0698,0.0093
2025-11-11 05:00:14,0.187,0.7482,1.5618,0.014,0.0094,0.0468,1.2906,0.2852,0.2291,0.0327,25.8218,5.9154,0.187,1.0989,0.4863,0.0047,1.2158,2.1791,0.1777,1.3421,0.0374,0.7949,0.0047,1.7255,1.5291,0.6173,0.014,2.5953,0.0047,0.0795,0.0094,0.1029,0.014,0.0374,0.0047,2.6467,1.6834,0.0047,0.3133,0.1122,0.346,1.3561,0.0281,2.7543,0.4115,1.2252,1.0428,1.473,1.1597,0.0748,1.5759,2.8946,1.0475,0.5471,0.2058,1.459,1.8424,0.014,2.0248,0.982,0.0047,0.1216,0.6687,0.0421,0.1076,1.4216,8.7257,0.0047,0.0094,4.4751,0.0608,0.014,0.0047,0.0187,1.6133,0.0094,0.0374,0.3414,1.7863,1.2018,0.014,1.5618,0.0281,0.0047,0.014,0.0701,0.0094
2025-11-11 06:00:11,0.1933,0.7781,1.6191,0.0145,0.0097,0.0483,1.3387,0.2948,0.2417,0.0338,26.8088,6.1379,0.1933,1.1406,0.5026,0.0048,1.2614,2.2619,0.1837,1.3967,0.0435,0.8264,0.0048,1.7882,1.5852,0.6428,0.0145,2.6968,0.0048,0.0822,0.0097,0.1063,0.0145,0.0387,0.0048,2.75,1.7496,0.0048,0.3286,0.116,0.3576,1.4064,0.029,2.8611,0.4253,1.2711,1.0826,1.5321,1.2034,0.0773,1.6336,3.0061,1.0874,0.5703,0.2127,1.5127,1.9042,0.0145,2.1024,1.0198,0.0048,0.1257,0.696,0.0435,0.1112,1.4789,5.2583,0.0048,0.0,4.6445,0.0628,0.0145,0.0048,0.0193,1.6771,0.0097,0.0387,0.3528,1.8559,1.2469,0.0145,1.6191,0.029,0.0048,0.0145,0.0725,0.0097
2025-11-11 07:00:14,0.1945,0.7779,1.6191,0.0146,0.0097,0.0486,1.342,0.2966,0.2382,0.034,26.8099,6.1409,0.1945,1.1426,0.5057,0.0049,1.2642,2.2609,0.1848,1.3954,0.0389,0.8266,0.0049,1.7893,1.5851,0.6418,0.0146,2.6936,0.0049,0.0827,0.0097,0.107,0.0146,0.0389,0.0049,2.7471,1.7455,0.0049,0.3258,0.1167,0.3598,1.4052,0.0292,2.8589,0.4279,1.2739,1.0843,1.5316,1.2058,0.0778,1.6337,3.0048,1.0891,0.5689,0.2091,1.5121,1.906,0.0146,2.1005,1.0211,0.0049,0.1264,0.6953,0.0438,0.1118,1.4781,5.2609,0.0049,0.0,4.6434,0.0632,0.0146,0.0049,0.0194,1.6726,0.0097,0.0389,0.3549,1.8525,1.2447,0.0146,1.6191,0.0292,0.0049,0.0146,0.0729,0.0097
2025-11-11 08:00:11,0.1924,0.7744,1.6209,0.0144,0.0096,0.0481,1.3419,0.2934,0.2405,0.0337,26.8145,6.1421,0.1924,1.1399,0.505,0.0048,1.265,2.2606,0.1876,1.3948,0.0433,0.8225,0.0048,1.7892,1.5872,0.6397,0.0144,2.6935,0.0048,0.0818,0.0096,0.1058,0.0144,0.0385,0.0048,2.7512,1.7459,0.0048,0.3271,0.1154,0.3607,1.4093,0.0289,2.857,0.4281,1.2746,1.0822,1.5295,1.2024,0.077,1.6353,3.0061,1.087,0.5676,0.2116,1.5103,1.9047,0.0144,2.1019,1.0197,0.0048,0.1251,0.6974,0.0433,0.1106,1.4766,5.2619,0.0048,0.0,4.6462,0.0625,0.0144,0.0048,0.0192,1.6738,0.0096,0.0385,0.3559,1.8566,1.2457,0.0144,1.6209,0.0289,0.0048,0.0144,0.0721,0.0096
2025-11-11 09:00:11,0.1929,0.7765,1.6188,0.0141,0.0094,0.0471,1.3412,0.2965,0.24,0.0329,26.8141,6.1412,0.1929,1.1435,0.5035,0.0047,1.2659,2.2635,0.1835,1.3929,0.0424,0.8235,0.0047,1.7882,1.5859,0.64,0.0141,2.6965,0.0047,0.08,0.0094,0.1082,0.0141,0.0424,0.0047,2.7482,1.7506,0.0047,0.3294,0.1176,0.3576,1.4071,0.0282,2.8612,0.4282,1.2753,1.0824,1.5294,1.2047,0.0753,1.6329,3.0071,1.0871,0.5694,0.2118,1.5106,1.9059,0.0141,2.1035,1.0212,0.0047,0.1271,0.6965,0.0424,0.1129,1.4776,5.2565,0.0047,0.0,4.6447,0.0612,0.0141,0.0047,0.0188,1.6753,0.0094,0.0376,0.3529,1.8541,1.2471,0.0141,1.6188,0.0282,0.0047,0.0141,0.0706,0.0094
2025-11-11 10:00:15,0.1938,0.7753,1.6198,0.0138,0.0092,0.0508,1.3383,0.2953,0.24,0.0323,26.8159,6.1421,0.1938,1.1398,0.503,0.0046,1.2644,2.2612,0.1846,1.3936,0.0415,0.8214,0.0046,1.7905,1.5874,0.6414,0.0185,2.695,0.0046,0.0831,0.0092,0.1061,0.0138,0.0415,0.0046,2.7503,1.749,0.0046,0.3276,0.1154,0.3599,1.4075,0.0277,2.8611,0.4292,1.2737,1.0844,1.5321,1.2044,0.0738,1.6336,3.0088,1.0891,0.5676,0.2123,1.5136,1.9012,0.0138,2.1043,1.0198,0.0046,0.1246,0.6968,0.0415,0.1108,1.4767,5.2561,0.0046,0.0,4.647,0.0646,0.0138,0.0046,0.0185,1.6751,0.0092,0.0369,0.3553,1.8551,1.246,0.0138,1.6198,0.0277,0.0046,0.0138,0.0692,0.0092
2025-11-11 11:00:12,0.1932,0.7775,1.6195,0.0138,0.0092,0.0506,1.3389,0.2945,0.2392,0.0322,26.8139,6.1422,0.1932,1.141,0.5015,0.0046,1.2652,2.2636,0.184,1.3941,0.0414,0.8236,0.0046,1.7897,1.5873,0.6395,0.0184,2.6961,0.0046,0.0828,0.0092,0.1058,0.0138,0.0414,0.0046,2.7513,1.7483,0.0046,0.3267,0.115,0.3589,1.4079,0.0276,2.8617,0.4279,1.2744,1.0858,1.5321,1.2054,0.0782,1.6333,3.0044,1.0904,0.5705,0.2116,1.5137,1.9002,0.0138,2.1026,1.0214,0.0046,0.1242,0.6947,0.0414,0.1104,1.4769,5.2588,0.0046,0.0,4.6469,0.0644,0.0138,0.0046,0.0184,1.6747,0.0092,0.0368,0.3543,1.8542,1.2468,0.0138,1.6195,0.0276,0.0046,0.0138,0.069,0.0092
2025-11-11 12:00:11,0.1948,0.7747,1.6189,0.0139,0.0093,0.051,1.3406,0.2969,0.2412,0.0325,26.8114,6.1416,0.1948,1.1411,0.5056,0.0046,1.2617,2.259,0.1855,1.3962,0.0417,0.8257,0.0046,1.7905,1.5864,0.6401,0.0186,2.6951,0.0046,0.0789,0.0093,0.1067,0.0139,0.0417,0.0046,2.7507,1.7488,0.0046,0.3293,0.116,0.3572,1.4055,0.0278,2.8574,0.4268,1.2756,1.0854,1.5308,1.206,0.0742,1.6328,3.0058,1.0901,0.5706,0.2134,1.5122,1.9018,0.0139,2.1013,1.0205,0.0046,0.1252,0.6958,0.0417,0.1113,1.4797,5.2556,0.0046,0.0,4.6433,0.0649,0.0139,0.0046,0.0186,1.6746,0.0093,0.0371,0.3572,1.8555,1.2478,0.0139,1.6189,0.0278,0.0046,0.0139,0.0696,0.0093
2025-11-11 13:01:09,0.1957,0.7782,1.6184,0.0143,0.0095,0.0477,1.3415,0.296,0.2387,0.0334,26.8166,6.1396,0.191,1.141,0.5013,0.0048,1.2652,2.263,0.1862,1.3941,0.043,0.8212,0.0048,1.7903,1.585,0.6397,0.0143,2.6974,0.0048,0.0812,0.0095,0.105,0.0143,0.0382,0.0048,2.7499,1.7474,0.0048,0.3294,0.1194,0.3581,1.4084,0.0286,2.8597,0.4297,1.2747,1.0837,1.5325,1.2031,0.0764,1.6328,3.0077,1.0885,0.5681,0.2101,1.5134,1.9001,0.0143,2.1006,1.0217,0.0048,0.1241,0.697,0.043,0.1098,1.48,5.2564,0.0048,0.0,4.6453,0.0621,0.0143,0.0048,0.0191,1.6757,0.0095,0.0382,0.3533,1.8572,1.2461,0.0143,1.6184,0.0286,0.0048,0.0143,0.0716,0.0095
2025-11-11 14:01:04,0.1848,0.7488,1.5592,0.0142,0.0095,0.0474,1.289,0.2843,0.2322,0.0332,25.8282,5.9144,0.1848,1.0995,0.4834,0.0047,1.218,2.18,0.1801,1.3459,0.0379,0.7962,0.0047,1.725,1.5307,0.6161,0.0142,2.597,0.0047,0.0758,0.0095,0.1043,0.0142,0.0379,0.0047,2.6492,1.6824,0.0047,0.3175,0.1137,0.3507,1.3554,0.0284,2.7534,0.4123,1.2274,1.0426,1.4739,1.1611,0.0711,1.5734,2.8956,1.0473,0.545,0.2038,1.4549,1.8435,0.0142,2.0236,0.981,0.0047,0.1232,0.6682,0.0427,0.1043,1.4217,8.7294,0.0047,0.0095,4.4737,0.0616,0.0142,0.0047,0.019,1.6113,0.0095,0.0379,0.3412,1.7866,1.199,0.0142,1.5592,0.0284,0.0047,0.0095,0.0663,0.0095
2025-11-11 15:01:28,0.189,0.7467,1.5596,0.0142,0.0095,0.0473,1.2902,0.2836,0.2316,0.0331,25.8235,5.9124,0.1843,1.1012,0.4868,0.0047,1.2146,2.1787,0.1796,1.3422,0.0378,0.7987,0.0047,1.725,1.5265,0.6191,0.0142,2.5946,0.0047,0.0803,0.0095,0.104,0.0142,0.0378,0.0047,2.6466,1.6825,0.0047,0.3167,0.1134,0.3497,1.3564,0.0284,2.7553,0.4112,1.2241,1.0445,1.4745,1.1579,0.0709,1.5738,2.8971,1.0492,0.5482,0.2032,1.4556,1.8432,0.0142,2.0228,0.983,0.0047,0.1229,0.6711,0.0425,0.1087,1.4226,8.7291,0.0047,0.0095,4.4709,0.0614,0.0142,0.0047,0.0189,1.6116,0.0095,0.0378,0.3403,1.7865,1.2004,0.0142,1.5596,0.0284,0.0047,0.0095,0.0662,0.0095
2025-11-11 16:00:24,0.1883,0.7483,1.5626,0.0141,0.0094,0.0471,1.2896,0.2824,0.2306,0.0329,25.8342,5.9161,0.1836,1.1013,0.4848,0.0047,1.219,2.1791,0.1788,1.3461,0.0377,0.7954,0.0047,1.7226,1.5296,0.6166,0.0141,2.598,0.0047,0.08,0.0094,0.1035,0.0141,0.0377,0.0047,2.6498,1.6849,0.0047,0.3153,0.113,0.3483,1.3555,0.0282,2.7533,0.4095,1.2284,1.0449,1.4731,1.1625,0.0753,1.5767,2.8945,1.0496,0.546,0.2024,1.459,1.8356,0.0141,2.0238,0.9837,0.0047,0.1224,0.673,0.0424,0.1083,1.4214,8.693,0.0047,0.0094,4.4759,0.0612,0.0141,0.0047,0.0188,1.6143,0.0094,0.0377,0.3436,1.7885,1.2002,0.0141,1.5626,0.0282,0.0047,0.0094,0.0659,0.0094
2025-11-11 17:00:26,0.1884,0.749,1.5624,0.0138,0.0092,0.046,1.2913,0.2849,0.2298,0.0322,25.8352,5.9143,0.1838,1.0983,0.4871,0.0046,1.2178,2.1782,0.1792,1.3419,0.0414,0.795,0.0046,1.7233,1.5303,0.6158,0.0138,2.5964,0.0046,0.0781,0.0092,0.1011,0.0138,0.0368,0.0046,2.6469,1.6865,0.0046,0.3171,0.1149,0.3492,1.3556,0.0276,2.7572,0.4136,1.227,1.0432,1.4751,1.1626,0.0735,1.5762,2.8951,1.0477,0.5468,0.2022,1.4567,1.8382,0.0138,2.0266,0.9834,0.0046,0.1195,0.6709,0.0414,0.1057,1.4246,8.7036,0.0046,0.0092,4.4759,0.0597,0.0138,0.0046,0.0184,1.613,0.0092,0.0368,0.3401,1.7876,1.1994,0.0138,1.5624,0.0276,0.0046,0.0138,0.0689,0.0092
2025-11-11 18:00:35,0.185,0.7491,1.5583,0.0139,0.0092,0.0462,1.2901,0.2867,0.2312,0.0324,25.83,5.9142,0.185,1.1005,0.4855,0.0046,1.2161,2.1779,0.1803,1.3456,0.0416,0.7953,0.0046,1.7248,1.5306,0.615,0.0139,2.5987,0.0046,0.0786,0.0092,0.1017,0.0139,0.037,0.0046,2.6496,1.6832,0.0046,0.3144,0.111,0.3468,1.3549,0.0277,2.7559,0.4115,1.2254,1.045,1.4751,1.1606,0.074,1.5722,2.8947,1.0497,0.5456,0.2035,1.4566,1.845,0.0139,2.0253,0.9849,0.0046,0.1202,0.6705,0.0416,0.1064,1.4242,8.721,0.0046,0.0092,4.4715,0.0601,0.0139,0.0046,0.0185,1.6138,0.0092,0.037,0.3422,1.7849,1.1976,0.0139,1.5583,0.0277,0.0046,0.0139,0.0694,0.0092
2025-11-11 19:00:20,0.1869,0.7476,1.5607,0.014,0.0093,0.0467,1.2897,0.285,0.229,0.0327,25.8259,5.9156,0.1869,1.0981,0.486,0.0047,1.2149,2.1775,0.1776,1.3457,0.0374,0.7944,0.0047,1.7242,1.528,0.6168,0.014,2.598,0.0047,0.0794,0.0093,0.1028,0.014,0.0374,0.0047,2.6494,1.6822,0.0047,0.3177,0.1121,0.3505,1.3551,0.028,2.7522,0.4112,1.2242,1.042,1.4766,1.1588,0.0748,1.5747,2.8971,1.0467,0.5467,0.2056,1.4579,1.841,0.014,2.0233,0.9813,0.0047,0.1215,0.6729,0.0421,0.1075,1.4252,8.7239,0.0047,0.0093,4.4718,0.0607,0.014,0.0047,0.0187,1.6121,0.0093,0.0374,0.3411,1.785,1.2009,0.014,1.5607,0.028,0.0047,0.014,0.0701,0.0093
2025-11-11 20:00:37,0.188,0.7474,1.5606,0.0141,0.0094,0.047,1.2927,0.2867,0.2303,0.0329,25.8297,5.9133,0.1833,1.0999,0.4842,0.0047,1.2174,2.1764,0.1786,1.3444,0.0376,0.7944,0.0047,1.7251,1.5277,0.6158,0.0141,2.5947,0.0047,0.0799,0.0094,0.1034,0.0141,0.0376,0.0047,2.6464,1.6828,0.0047,0.3149,0.1128,0.3478,1.3538,0.0282,2.7545,0.4137,1.2268,1.0435,1.476,1.161,0.0752,1.5747,2.8956,1.0482,0.5453,0.2021,1.4572,1.8426,0.0141,2.0259,0.9824,0.0047,0.1222,0.6722,0.0423,0.1081,1.4243,8.7196,0.0047,0.0094,4.4749,0.0611,0.0141,0.0047,0.0188,1.6123,0.0094,0.0376,0.3431,1.7862,1.1986,0.0141,1.5606,0.0282,0.0047,0.0094,0.0658,0.0094
2025-11-11 21:00:18,0.1851,0.7496,1.5593,0.0139,0.0093,0.0463,1.2909,0.2869,0.2314,0.0324,25.8375,5.918,0.1851,1.1012,0.4858,0.0046,1.2169,2.1793,0.1805,1.3418,0.0416,0.7959,0.0046,1.7259,1.5269,0.6154,0.0139,2.5958,0.0046,0.0787,0.0093,0.1018,0.0139,0.037,0.0046,2.6513,1.6842,0.0046,0.3146,0.111,0.347,1.3557,0.0278,2.7531,0.4118,1.2262,1.0457,1.476,1.1614,0.074,1.5732,2.8965,1.0503,0.546,0.2036,1.4575,1.8369,0.0139,2.0267,0.9856,0.0046,0.1203,0.6709,0.0416,0.1064,1.4251,8.6989,0.0046,0.0093,4.4744,0.0602,0.0139,0.0046,0.0185,1.6148,0.0093,0.037,0.3424,1.786,1.1984,0.0139,1.5593,0.0278,0.0046,0.0139,0.0694,0.0093
2025-11-11 22:00:16,0.1877,0.7461,1.5626,0.0141,0.0094,0.0469,1.2904,0.2862,0.2299,0.0328,25.8317,5.9171,0.1877,1.098,0.4833,0.0047,1.2153,2.1773,0.1783,1.342,0.0375,0.793,0.0047,1.7268,1.5297,0.6194,0.0141,2.5996,0.0047,0.0798,0.0094,0.1032,0.0141,0.0375,0.0047,2.6465,1.6846,0.0047,0.3144,0.1126,0.3472,1.3561,0.0282,2.7544,0.4129,1.2247,1.0417,1.4734,1.159,0.0751,1.5767,2.8952,1.0511,0.549,0.2018,1.4593,1.8394,0.0141,2.0271,0.9854,0.0047,0.122,0.671,0.0422,0.1079,1.4218,8.6997,0.0047,0.0094,4.4766,0.061,0.0141,0.0047,0.0188,1.6142,0.0094,0.0375,0.3425,1.7878,1.2013,0.0141,1.5626,0.0282,0.0047,0.0094,0.0657,0.0094
2025-11-11 23:01:51,0.1882,0.748,1.5572,0.0141,0.0094,0.047,1.289,0.2823,0.2305,0.0329,25.7998,5.9089,0.1835,1.0962,0.4846,0.0047,1.2138,2.1735,0.1788,1.3408,0.0376,0.7951,0.0047,1.7219,1.529,0.6163,0.0141,2.5922,0.0047,0.08,0.0094,0.1035,0.0141,0.0376,0.0047,2.644,1.6795,0.0047,0.3152,0.1129,0.3481,1.3549,0.0282,2.7522,0.4093,1.2232,1.0444,1.4725,1.1573,0.0753,1.5713,2.8933,1.0491,0.5457,0.2023,1.4537,1.8442,0.0141,2.023,1.0726,0.0047,0.1223,0.668,0.0423,0.1082,1.4208,8.7364,0.0047,0.0094,4.4693,0.0612,0.0141,0.0047,0.0188,1.6137,0.0094,0.0376,0.3434,1.783,1.1997,0.0141,1.5572,0.0282,0.0047,0.0094,0.0659,0.0094
2025-11-12 00:00:36,0.1854,0.7464,1.5594,0.0143,0.0095,0.0475,1.2884,0.2853,0.2282,0.0333,25.7916,5.9047,0.1854,1.0982,0.4849,0.0048,1.2171,2.1774,0.1759,1.3407,0.038,0.7987,0.0048,1.721,1.5261,0.618,0.0143,2.591,0.0048,0.0761,0.0095,0.1046,0.0143,0.038,0.0048,2.6433,1.683,0.0048,0.3138,0.1141,0.3471,1.3549,0.0285,2.7527,0.4089,1.2266,1.0412,1.4738,1.16,0.0713,1.5736,2.8906,1.0459,0.5467,0.2044,1.4548,1.8446,0.0143,2.0205,1.0745,0.0048,0.1236,0.6703,0.0428,0.1046,1.4215,8.7382,0.0048,0.0095,4.469,0.0618,0.0143,0.0048,0.019,1.6117,0.0095,0.038,0.3423,1.7828,1.1981,0.0143,1.5594,0.0285,0.0048,0.0095,0.0666,0.0095
2025-11-12 01:01:17,0.1877,0.7459,1.5575,0.0141,0.0094,0.0469,1.2901,0.2862,0.2299,0.0328,25.7975,5.9064,0.1877,1.0978,0.4832,0.0047,1.215,2.1768,0.1783,1.3417,0.0375,0.7975,0.0047,1.7217,1.5247,0.6146,0.0141,2.5943,0.0047,0.0798,0.0094,0.1032,0.0141,0.0375,0.0047,2.6459,1.6795,0.0047,0.3143,0.1126,0.3472,1.3558,0.0281,2.7491,0.4128,1.2244,1.0415,1.4731,1.1588,0.0751,1.5716,2.8898,1.0462,0.5489,0.2017,1.4543,1.8437,0.0141,2.022,1.0743,0.0047,0.122,0.6709,0.0422,0.1079,1.4215,8.7399,0.0047,0.0094,4.4661,0.061,0.0141,0.0047,0.0188,1.6138,0.0094,0.0375,0.3425,1.7827,1.1963,0.0141,1.5575,0.0281,0.0047,0.0094,0.0657,0.0094
2025-11-12 02:00:18,0.1853,0.7459,1.5595,0.0136,0.009,0.0452,1.2883,0.2848,0.2305,0.0316,25.7978,5.9081,0.1853,1.0985,0.4837,0.0045,1.216,2.1743,0.1763,1.3426,0.0407,0.7956,0.0045,1.7223,1.5279,0.6148,0.0136,2.5947,0.0045,0.0768,0.009,0.104,0.0136,0.0407,0.0045,2.6444,1.6816,0.0045,0.3164,0.113,0.3481,1.3516,0.0271,2.7529,0.4114,1.225,1.0442,1.4736,1.1572,0.0723,1.5731,2.893,1.0487,0.547,0.2034,1.4556,1.8443,0.0136,2.0206,1.0759,0.0045,0.1221,0.669,0.0407,0.1085,1.4194,8.7379,0.0045,0.009,4.4661,0.0588,0.0136,0.0045,0.0181,1.6093,0.009,0.0362,0.3435,1.7856,1.1979,0.0136,1.5595,0.0271,0.0045,0.0136,0.0678,0.009
2025-11-12 03:00:24,0.1887,0.7457,1.5588,0.0135,0.009,0.0449,1.2893,0.283,0.2291,0.0314,25.7985,5.9072,0.1842,1.1006,0.4852,0.0045,1.2174,2.1742,0.1797,1.3432,0.0404,0.7951,0.0045,1.7205,1.5273,0.6154,0.018,2.592,0.0045,0.0764,0.009,0.1033,0.0135,0.0404,0.0045,2.6459,1.6801,0.0045,0.3145,0.1123,0.3504,1.3521,0.027,2.7492,0.4088,1.2264,1.0422,1.4734,1.159,0.0719,1.5723,2.893,1.0467,0.548,0.2021,1.4555,1.8463,0.0135,2.0215,1.0736,0.0045,0.1213,0.6693,0.0404,0.1078,1.4195,8.7373,0.0045,0.009,4.4697,0.0629,0.0135,0.0045,0.018,1.6127,0.009,0.0359,0.3414,1.7834,1.1994,0.0135,1.5588,0.027,0.0045,0.0135,0.0674,0.009
2025-11-12 04:00:31,0.188,0.7477,1.558,0.0134,0.009,0.0492,1.2894,0.2865,0.2283,0.0313,25.7969,5.9053,0.1836,1.0969,0.4835,0.0045,1.2133,2.1759,0.1791,1.3431,0.0403,0.7969,0.0045,1.7237,1.5267,0.6178,0.0179,2.5922,0.0045,0.0761,0.009,0.103,0.0134,0.0403,0.0045,2.646,1.6834,0.0045,0.3134,0.1119,0.3492,1.3521,0.0269,2.7489,0.4119,1.2267,1.0432,1.473,1.1596,0.0716,1.5715,2.8922,1.0476,0.5462,0.2015,1.4551,1.8446,0.0134,2.0236,1.0745,0.0045,0.1209,0.6716,0.0403,0.1074,1.4237,8.7348,0.0045,0.009,4.4681,0.0627,0.0134,0.0045,0.0179,1.6117,0.009,0.0358,0.3403,1.7819,1.1999,0.0134,1.558,0.0269,0.0045,0.0134,0.0672,0.009
2025-11-12 05:00:19,0.1846,0.7475,1.5581,0.0135,0.009,0.045,1.2879,0.2837,0.2297,0.0315,25.7982,5.908,0.1846,1.0988,0.4863,0.0045,1.2158,2.175,0.1801,1.3419,0.0405,0.797,0.0045,1.7202,1.5265,0.6169,0.018,2.5938,0.0045,0.0766,0.009,0.1036,0.0135,0.0405,0.0045,2.6433,1.6797,0.0045,0.3152,0.1126,0.3512,1.3554,0.027,2.7514,0.4098,1.2248,1.0402,1.4725,1.1573,0.072,1.5716,2.891,1.0492,0.5449,0.2026,1.4545,1.8463,0.0135,2.0219,1.0762,0.0045,0.1216,0.671,0.0405,0.1081,1.423,8.736,0.0045,0.009,4.4671,0.063,0.0135,0.0045,0.018,1.6121,0.009,0.036,0.3422,1.7832,1.1978,0.0135,1.5581,0.027,0.0045,0.0135,0.0675,0.009
2025-11-12 06:00:24,0.1883,0.7446,1.5594,0.0131,0.0088,0.0482,1.2878,0.2847,0.2322,0.035,25.7906,5.9045,0.184,1.0994,0.4862,0.0088,1.2133,2.177,0.1796,1.3403,0.0394,0.7972,0.0044,1.7214,1.5243,0.6176,0.0175,2.5931,0.0044,0.0788,0.0088,0.1051,0.0131,0.0394,0.0044,2.6456,1.682,0.0044,0.3154,0.1139,0.3504,1.3535,0.0263,2.7508,0.4117,1.2265,1.0425,1.4717,1.1564,0.0745,1.5725,2.8909,1.0469,0.5475,0.2015,1.4542,1.8441,0.0131,2.0237,1.0731,0.0044,0.1226,0.6702,0.0394,0.1051,1.4192,8.7385,0.0044,0.0088,4.4678,0.0613,0.0131,0.0044,0.0175,1.6119,0.0088,0.035,0.3417,1.7827,1.2002,0.0131,1.5594,0.0307,0.0044,0.0131,0.0657,0.0088
2025-11-12 07:00:35,0.1865,0.746,1.5586,0.0133,0.0089,0.0488,1.2877,0.2842,0.2309,0.0311,25.7948,5.9059,0.1865,1.0968,0.484,0.0044,1.2167,2.1758,0.1776,1.341,0.04,0.7948,0.0044,1.7229,1.5275,0.6172,0.0178,2.5933,0.0044,0.0799,0.0089,0.1021,0.0133,0.04,0.0044,2.6465,1.6829,0.0044,0.3153,0.111,0.3508,1.3544,0.0266,2.7531,0.413,1.2256,1.0435,1.4742,1.159,0.071,1.5719,2.8908,1.048,0.5462,0.2043,1.4565,1.8428,0.0133,2.0204,1.0746,0.0044,0.1199,0.6705,0.04,0.1066,1.421,8.7345,0.0044,0.0089,4.4671,0.0622,0.0133,0.0044,0.0178,1.6119,0.0089,0.0355,0.3419,1.7851,1.1989,0.0133,1.5586,0.0266,0.0044,0.0133,0.0666,0.0089
2025-11-12 08:00:14,0.1881,0.7478,1.5582,0.0134,0.009,0.0493,1.2896,0.2821,0.2284,0.0313,25.7959,5.9061,0.1836,1.097,0.4836,0.0045,1.2135,2.1762,0.1791,1.3433,0.0403,0.797,0.0045,1.7239,1.5269,0.6179,0.0179,2.5926,0.0045,0.0761,0.009,0.103,0.0134,0.0403,0.0045,2.6463,1.6836,0.0045,0.3134,0.1119,0.3493,1.3523,0.0269,2.7493,0.4119,1.2224,1.0433,1.4732,1.1597,0.0716,1.5717,2.8926,1.0478,0.5463,0.2015,1.4552,1.8448,0.0134,2.0239,1.0746,0.0045,0.1209,0.6717,0.0403,0.1075,1.4194,8.7404,0.0045,0.009,4.4687,0.0627,0.0134,0.0045,0.0179,1.612,0.009,0.0358,0.3403,1.7821,1.2,0.0134,1.5582,0.0269,0.0045,0.0134,0.0672,0.009
2025-11-12 09:00:13,0.1881,0.748,1.5587,0.0134,0.009,0.0493,1.2899,0.2822,0.2284,0.0314,25.7939,5.9076,0.1836,1.0973,0.4837,0.0045,1.2138,2.1767,0.1792,1.3437,0.0403,0.7972,0.0045,1.7199,1.5273,0.6181,0.0179,2.5933,0.0045,0.0761,0.009,0.103,0.0134,0.0403,0.0045,2.647,1.6796,0.0045,0.3135,0.112,0.3494,1.3526,0.0269,2.75,0.4121,1.2227,1.0436,1.4736,1.16,0.0717,1.5721,2.8934,1.0481,0.5464,0.2015,1.4556,1.8453,0.0134,2.02,1.0749,0.0045,0.1209,0.6718,0.0403,0.1075,1.4198,8.7428,0.0045,0.009,4.4654,0.0627,0.0134,0.0045,0.0179,1.6124,0.009,0.0358,0.3404,1.7826,1.2003,0.0134,1.5587,0.0269,0.0045,0.0134,0.0672,0.009
2025-11-12 10:00:17,0.1871,0.7441,1.5595,0.0134,0.0089,0.049,1.2877,0.2852,0.2317,0.0312,25.7942,5.9038,0.1871,1.0961,0.4857,0.0045,1.2164,2.1744,0.1782,1.3412,0.0401,0.7976,0.0045,1.7199,1.5283,0.6149,0.0178,2.5932,0.0045,0.0757,0.0089,0.1025,0.0134,0.0401,0.0045,2.6467,1.6798,0.0045,0.3164,0.1114,0.3475,1.3545,0.0267,2.7492,0.4099,1.2253,1.0426,1.4748,1.1585,0.0713,1.5729,2.8918,1.0471,0.5481,0.205,1.457,1.8447,0.0134,2.0229,1.0738,0.0045,0.1203,0.6684,0.0401,0.1069,1.4214,8.7421,0.0045,0.0089,4.4691,0.0624,0.0134,0.0045,0.0178,1.613,0.0089,0.0356,0.3431,1.7823,1.1986,0.0134,1.5595,0.0267,0.0045,0.0134,0.0668,0.0089
2025-11-12 11:01:24,0.187,0.7481,1.5585,0.0134,0.0089,0.049,1.2913,0.285,0.2315,0.0312,25.7948,5.9044,0.187,1.0998,0.4854,0.0045,1.2156,2.1774,0.1781,1.3403,0.0401,0.797,0.0045,1.7232,1.5273,0.6145,0.0178,2.5915,0.0045,0.0801,0.0089,0.1024,0.0134,0.0401,0.0045,2.6449,1.6831,0.0045,0.3161,0.1113,0.3473,1.3536,0.0267,2.7518,0.4097,1.2245,1.0419,1.4739,1.1577,0.0712,1.5718,2.8898,1.0464,0.5477,0.2048,1.4561,1.8434,0.0134,2.0216,1.0731,0.0045,0.1202,0.6679,0.0401,0.1069,1.4204,8.7408,0.0045,0.0089,4.4661,0.0623,0.0134,0.0045,0.0178,1.6119,0.0089,0.0356,0.3429,1.7856,1.1978,0.0134,1.5585,0.0267,0.0045,0.0134,0.0668,0.0089
2025-11-12 12:00:58,0.1872,0.7445,1.5558,0.0134,0.0089,0.049,1.2883,0.2853,0.2318,0.0312,25.7935,5.9067,0.1872,1.0966,0.4859,0.0045,1.217,2.1755,0.1783,1.3418,0.0401,0.798,0.0045,1.7208,1.5246,0.6152,0.0178,2.5945,0.0045,0.0758,0.0089,0.1025,0.0134,0.0401,0.0045,2.6435,1.6806,0.0045,0.3165,0.1114,0.3477,1.3552,0.0267,2.7505,0.4101,1.2259,1.0432,1.4711,1.1591,0.0713,1.5736,2.8932,1.0476,0.5483,0.2051,1.4533,1.8456,0.0134,2.0239,1.0744,0.0045,0.1204,0.6687,0.0401,0.107,1.4221,8.742,0.0045,0.0089,4.4668,0.0624,0.0134,0.0045,0.0178,1.6093,0.0089,0.0357,0.3433,1.7832,1.1992,0.0134,1.5603,0.0267,0.0045,0.0134,0.0669,0.0089
2025-11-12 13:00:19,0.1871,0.7439,1.559,0.0134,0.0089,0.049,1.2873,0.2851,0.2316,0.0312,25.7951,5.9065,0.1871,1.1002,0.4855,0.0045,1.216,2.1737,0.1782,1.3408,0.0401,0.7973,0.0045,1.7238,1.5278,0.6147,0.0178,2.5924,0.0045,0.0757,0.0089,0.1024,0.0134,0.0401,0.0045,2.6459,1.6793,0.0045,0.3163,0.1114,0.3474,1.3541,0.0267,2.7528,0.4098,1.2249,1.0423,1.4744,1.1581,0.0713,1.5724,2.8909,1.0468,0.5479,0.2049,1.4566,1.8441,0.0134,2.0223,1.0735,0.0045,0.1203,0.6682,0.0401,0.1069,1.4209,8.7439,0.0045,0.0089,4.4677,0.0624,0.0134,0.0045,0.0178,1.6125,0.0089,0.0356,0.343,1.7817,1.1982,0.0134,1.559,0.0267,0.0045,0.0134,0.0668,0.0089
2025-11-12 14:00:37,0.187,0.7479,1.5581,0.0134,0.0089,0.049,1.291,0.2849,0.2315,0.0312,25.7935,5.9075,0.187,1.0996,0.4852,0.0045,1.2153,2.1769,0.1781,1.34,0.0401,0.7969,0.0045,1.7228,1.527,0.6143,0.0178,2.5909,0.0045,0.0801,0.0089,0.1024,0.0134,0.0401,0.0045,2.6443,1.6828,0.0045,0.3161,0.1113,0.3472,1.3533,0.0267,2.7512,0.4096,1.2242,1.0417,1.4735,1.1575,0.0712,1.5715,2.8936,1.0462,0.5476,0.2048,1.4557,1.8475,0.0134,2.0211,1.0729,0.0045,0.1202,0.6678,0.0401,0.1068,1.4201,8.7433,0.0045,0.0089,4.4651,0.0623,0.0134,0.0045,0.0178,1.6115,0.0089,0.0356,0.3428,1.7852,1.1975,0.0134,1.5581,0.0267,0.0045,0.0134,0.0668,0.0089
2025-11-12 15:00:52,0.1864,0.7501,1.5684,0.0136,0.0091,0.0455,1.2865,0.2819,0.2318,0.0318,25.7399,5.9508,0.1864,1.0956,0.4864,0.0045,1.2138,2.1685,0.1773,1.3411,0.0409,0.7956,0.0045,1.7184,1.5229,0.6137,0.0136,2.614,0.0045,0.0773,0.0091,0.1046,0.0136,0.0409,0.0045,2.6413,1.6775,0.0045,0.3182,0.1137,0.35,1.3502,0.0273,2.7731,0.4137,1.2229,1.0411,1.4684,1.1547,0.0727,1.5684,2.8868,1.0456,0.5455,0.2046,1.4502,1.8457,0.0136,2.0185,1.0729,0.0045,0.1227,0.6683,0.0409,0.1091,1.4184,8.733,0.0045,0.0091,4.5006,0.0591,0.0136,0.0045,0.0182,1.6093,0.0091,0.0364,0.341,1.7821,1.1956,0.0136,1.5548,0.0273,0.0045,0.0136,0.0682,0.0091
2025-11-12 16:00:28,0.1887,0.7455,1.56,0.0138,0.0092,0.046,1.2885,0.2853,0.2301,0.0322,25.7926,5.904,0.1841,1.0998,0.4832,0.0046,1.2149,2.1766,0.1795,1.3437,0.0414,0.7961,0.0046,1.721,1.5278,0.6166,0.0138,2.5908,0.0046,0.0782,0.0092,0.1058,0.0138,0.0368,0.0046,2.646,1.6796,0.0046,0.3129,0.1104,0.3497,1.3529,0.0276,2.7518,0.4096,1.2241,1.04,1.4726,1.1596,0.0736,1.5738,2.8899,1.0492,0.5476,0.2025,1.4541,1.8453,0.0138,2.0202,1.0722,0.0046,0.1196,0.6719,0.0414,0.1058,1.4219,8.7479,0.0046,0.0092,4.4683,0.0598,0.0138,0.0046,0.0184,1.6106,0.0092,0.0368,0.3405,1.7855,1.1964,0.0138,1.56,0.0276,0.0046,0.0138,0.069,0.0092
2025-11-12 17:00:20,0.1851,0.745,1.5563,0.0142,0.0095,0.0474,1.2906,0.2847,0.2325,0.0332,25.7936,5.9075,0.1851,1.0961,0.484,0.0047,1.2147,2.1732,0.1803,1.3428,0.038,0.7972,0.0047,1.7224,1.5279,0.6168,0.0142,2.5955,0.0047,0.0759,0.0095,0.1044,0.0142,0.038,0.0047,2.6429,1.6797,0.0047,0.3132,0.1139,0.3511,1.3523,0.0285,2.7521,0.4128,1.2242,1.0439,1.4709,1.1578,0.0712,1.5706,2.8897,1.0486,0.5457,0.204,1.4567,1.8458,0.0142,2.0214,1.0724,0.0047,0.1234,0.669,0.0427,0.1044,1.4235,8.7355,0.0047,0.0095,4.4698,0.0617,0.0142,0.0047,0.019,1.6133,0.0095,0.038,0.3416,1.7841,1.2005,0.0142,1.5563,0.0285,0.0047,0.0095,0.0664,0.0095
2025-11-12 18:00:31,0.1849,0.7444,1.5552,0.0142,0.0095,0.0474,1.2897,0.2845,0.2323,0.0332,25.7895,5.9033,0.1849,1.1,0.4836,0.0047,1.2138,2.1764,0.1802,1.3419,0.0379,0.7966,0.0047,1.7212,1.5268,0.6164,0.0142,2.5936,0.0047,0.0759,0.0095,0.1043,0.0142,0.0379,0.0047,2.6458,1.6833,0.0047,0.3129,0.1138,0.3509,1.3514,0.0284,2.7501,0.4125,1.2233,1.0431,1.4746,1.1569,0.0711,1.5695,2.8924,1.0479,0.5453,0.2039,1.4557,1.8445,0.0142,2.0199,1.0716,0.0047,0.1233,0.6686,0.0427,0.1043,1.4225,8.753,0.0047,0.0095,4.4666,0.0616,0.0142,0.0047,0.019,1.6121,0.0095,0.0379,0.3414,1.7828,1.1996,0.0142,1.56,0.0284,0.0047,0.0095,0.0664,0.0095
2025-11-12 19:00:34,0.1845,0.7474,1.5609,0.0142,0.0095,0.0473,1.2866,0.2838,0.2318,0.0331,25.7415,5.9127,0.1845,1.0974,0.4872,0.0047,1.2156,2.1759,0.1797,1.3386,0.0378,0.7947,0.0047,1.717,1.5278,0.6149,0.0142,2.5968,0.0047,0.0757,0.0095,0.1041,0.0142,0.0378,0.0047,2.6489,1.6839,0.0047,0.3169,0.1135,0.35,1.3528,0.0284,2.7529,0.4115,1.2251,1.0454,1.4758,1.1589,0.071,1.5704,2.8854,1.0454,0.5487,0.2034,1.4522,1.8448,0.0142,2.0198,1.0737,0.0047,0.123,0.6717,0.0426,0.1088,1.4238,8.7602,0.0047,0.0095,4.4747,0.0615,0.0142,0.0047,0.0189,1.613,0.0095,0.0378,0.3406,1.788,1.2015,0.0142,1.5609,0.0284,0.0047,0.0095,0.0662,0.0095
2025-11-12 20:00:19,0.1856,0.747,1.5558,0.0143,0.0095,0.0476,1.2894,0.2855,0.2284,0.0333,25.7874,5.9045,0.1856,1.0991,0.4853,0.0048,1.2132,2.1743,0.176,1.3417,0.0381,0.7993,0.0048,1.7223,1.5273,0.6185,0.0143,2.593,0.0048,0.0761,0.0095,0.1047,0.0143,0.0381,0.0048,2.6454,1.6795,0.0048,0.314,0.1142,0.3473,1.3512,0.0285,2.75,0.4092,1.2228,1.042,1.4749,1.1562,0.0714,1.5701,2.8928,1.0467,0.5472,0.2046,1.4559,1.846,0.0143,2.0221,1.0753,0.0048,0.1237,0.6709,0.0428,0.1047,1.4226,8.7496,0.0048,0.0095,4.4676,0.0619,0.0143,0.0048,0.019,1.6129,0.0095,0.0381,0.3426,1.7842,1.199,0.0143,1.5558,0.0285,0.0048,0.0095,0.0666,0.0095
2025-11-12 21:00:14,0.1866,0.7462,1.5578,0.014,0.0093,0.0466,1.2873,0.2845,0.2285,0.0326,25.7917,5.9046,0.1866,1.096,0.4851,0.0047,1.2173,2.1734,0.1772,1.3432,0.0373,0.7975,0.0047,1.721,1.5251,0.6156,0.014,2.5932,0.0047,0.0793,0.0093,0.1026,0.014,0.0373,0.0047,2.6445,1.679,0.0047,0.3171,0.1119,0.3498,1.3525,0.028,2.7517,0.4104,1.2266,1.0401,1.4738,1.1567,0.0746,1.5718,2.8917,1.0494,0.5457,0.2052,1.4552,1.8469,0.014,2.0195,1.0727,0.0047,0.1213,0.6716,0.042,0.1073,1.4225,8.7496,0.0047,0.0093,4.4681,0.0606,0.014,0.0047,0.0187,1.6091,0.0093,0.0373,0.3405,1.7816,1.1986,0.014,1.5578,0.028,0.0047,0.014,0.07,0.0093
2025-11-12 22:00:16,0.1854,0.7461,1.5571,0.0139,0.0093,0.0463,1.2883,0.2827,0.2317,0.0324,25.7936,5.9085,0.1854,1.0983,0.4866,0.0046,1.2141,2.1734,0.1761,1.3439,0.0417,0.7971,0.0046,1.7239,1.5246,0.6163,0.0139,2.5951,0.0046,0.0788,0.0093,0.102,0.0139,0.0371,0.0046,2.6461,1.6822,0.0046,0.3151,0.1112,0.3476,1.3532,0.0278,2.7527,0.4124,1.2234,1.0427,1.4737,1.1585,0.0741,1.571,2.8917,1.0473,0.5468,0.2039,1.4551,1.8444,0.0139,2.0205,1.0751,0.0046,0.1205,0.6719,0.0417,0.1066,1.4227,8.7307,0.0046,0.0093,4.4673,0.0602,0.0139,0.0046,0.0185,1.6127,0.0093,0.0371,0.3429,1.7841,1.2002,0.0139,1.5571,0.0278,0.0046,0.0139,0.0695,0.0093
2025-11-12 23:00:21,0.1846,0.7476,1.5599,0.0138,0.0092,0.0462,1.2876,0.2861,0.2308,0.0323,25.7984,5.9073,0.1846,1.0984,0.4846,0.0046,1.2138,2.1737,0.18,1.343,0.0415,0.7984,0.0046,1.7214,1.5276,0.6184,0.0138,2.5937,0.0046,0.0785,0.0092,0.1015,0.0138,0.0369,0.0046,2.6445,1.6799,0.0046,0.3138,0.1108,0.3507,1.3522,0.0277,2.7506,0.4107,1.223,1.043,1.4722,1.1584,0.0738,1.5737,2.8937,1.0476,0.5446,0.2031,1.4538,1.846,0.0138,2.0214,1.0753,0.0046,0.12,0.6692,0.0415,0.1061,1.4215,8.7318,0.0046,0.0092,4.4674,0.06,0.0138,0.0046,0.0185,1.6107,0.0092,0.0369,0.3415,1.786,1.1999,0.0138,1.5599,0.0277,0.0046,0.0138,0.0692,0.0092
