timestamp,.bzb4.wam,.vq4s.c.wam,1emcy.wam,1ocoq.c.wam,1wyyg.wam,35kos.c.wam,3xasq.wam,4nsqy.wam,51.ea.wam,5j1xs.wam,5nwvc.wam,5vzbc.wam,a54us.wam,acab.wam,advobrovivek,afkow.c.wam,ai1wo.wam,aklqy.wam,amfr2.wam,anouckgabin1,bd2si.wam,bg5t.wam,bulletmagnet,byxxo.wam,cakhm.wam,chfaa.c.wam,cnbws.wam,cryptokisiel,cvcb.wam,db1rc.wam,djmhc.wam,dkid2.wam,e3.f4.wam,enrb4.wam,eu5b.wam,f.haq.wam,f.kre.wam,f3ira.wam,f4uqq.wam,gamerscorner,goodjobomm12,grdx2.wam,h2rbi.wam,h4tb.wam,hcnxe.wam,hg1ha.wam,hpy.y.c.wam,iapqw.wam,isponline333,izngs.wam,jaozinmendes,jdymq.wam,jgyra.wam,jizrc.wam,jr4qk.c.wam,juicymeloon3,jz12q.c.wam,k.pqy.wam,k1kaw.wam,kbcrc.wam,kijbk.wam,kmjw2.wam,krakenslappu,l.cb4.wam,lagh2.wam,ldlr4.wam,lsrjg.wam,lzshe.wam,m2txc.wam,mango1anchor,megrowax4212,merqy.wam,mfacc5432111,mhrb2.wam,mmppu.wam,n5f4u.c.wam,neyau.wam,nn1ew.wam,nrqk2.c.wam,o3rcy.wam,owfqy.wam,owlaq.wam,p34r.wam,pdzmitryblr1,pfbqw.wam,pgibw.wam,prvipisonja1,pxvre.wam,pyprg.wam,qhiay.wam,qm3r2.wam,qwnem.wam,r2t.e.wam,rde12.c.wam,rhcqu.wam,rjvbg.wam,rm2.k.wam,rp5aw.wam,ss4uk.wam,szkg2.wam,tevhtftdbnde,thefoxslayer,thewobswax55,tommyswallet,tongshuijing,uvkue.wam,vbvb2.wam,vfvek.wam,vniis.wam,vr2ng.c.wam,waxpiratesgg,wdqbc.wam,wirawantegar,wvldu.wam,wzbvk.wam,xoehi.wam,xwfaw.wam,yeqbo.wam,ytg3g.c.wam,zhxfi.wam,ztbba.wam,ztvf.wam,ztvtu.wam,zuqgg.wam,zwcgs.wam,zxvgs.wam,zzeba.wam,ikqba.wam,weskeundbeub,q1w2e3r4t5y1
2025-11-10 22:00:28,0.0075,0.0093,0.0037,0.0056,1.1457,1.2615,1.1587,0.4785,0.0168,9.7316,0.0187,1.7624,0.5663,0.0093,0.1888,4.3397,0.0467,0.0168,0.0206,0.1103,1.3737,1.4466,2.8838,1.5082,0.0374,1.8615,0.2654,0.4,1.1868,2.6259,0.2131,0.015,0.2785,0.0224,0.5906,0.015,0.0206,0.2878,0.0692,0.2355,0.0075,0.0037,3.4931,2.0652,0.0019,0.0093,0.1271,0.0093,0.0374,1.3101,0.0168,0.0224,0.2261,0.0037,0.428,1.4522,1.0354,1.2746,0.0897,0.4112,0.0336,0.0019,1.6166,0.8765,0.0822,1.3924,0.028,0.0822,1.4466,2.1493,0.0112,1.312,2.7717,0.5009,0.1159,1.0485,1.7643,0.8878,0.6018,0.0019,1.0672,0.3514,2.3567,7.2497,1.013,0.0037,0.0598,0.0392,0.2729,0.0542,1.112,1.2335,0.0804,1.2372,0.0804,2.538,0.0953,0.0112,0.0654,1.069,0.3121,1.426,0.1495,0.0785,0.7607,0.0075,0.2523,0.0112,2.0409,1.996,0.0561,1.4223,0.4766,0.0355,1.5624,0.0467,0.0075,1.5064,0.0206,0.0224,0.015,0.1906,2.5025,0.0075,0.1103,0.0037,0.0037,0.0,0.0,0.0
2025-11-10 23:03:31,0.0074,0.0093,0.0037,0.0056,1.1454,1.2605,1.1584,0.4789,0.0167,9.7236,0.0186,1.7617,0.5662,0.0093,0.1893,4.3364,0.0464,0.0167,0.0204,0.1114,1.3663,1.4442,2.8811,1.5074,0.0371,1.8601,0.2655,0.3991,1.1862,2.6082,0.2135,0.0149,0.2785,0.0223,0.5885,0.0149,0.0223,0.2877,0.0687,0.232,0.0074,0.0037,3.4751,2.0643,0.0019,0.0093,0.1262,0.0093,0.039,1.3087,0.0167,0.0223,0.2265,0.0037,0.427,1.4498,1.0358,1.2735,0.091,0.4121,0.0334,0.0019,1.615,0.8688,0.0835,1.3904,0.0278,0.0817,1.4461,2.1478,0.0111,1.3106,2.7697,0.5012,0.1151,1.0488,1.7635,0.8873,0.6015,0.0019,1.0674,0.3509,2.3539,7.2435,1.0136,0.0037,0.0594,0.039,0.2729,0.0538,1.112,1.2233,0.0817,1.2363,0.0798,2.5358,0.0965,0.0111,0.065,1.0693,0.3119,1.4238,0.1485,0.078,0.7537,0.0093,0.2525,0.0111,2.0401,1.9937,0.0557,1.4201,0.4771,0.0353,1.5593,0.0464,0.0074,1.5055,0.0204,0.0223,0.0149,0.1893,2.5005,0.0074,0.1095,0.0037,0.0037,0.0872,0.0483,0.0
2025-11-11 00:01:36,0.0075,0.0094,0.0019,0.0056,1.1443,1.2606,1.1593,0.4783,0.0169,9.7243,0.0188,1.7614,0.5665,0.0094,0.1876,4.3369,0.0469,0.0169,0.0206,0.1107,1.3675,1.4444,2.8831,1.5063,0.0375,1.8608,0.2664,0.3995,1.1874,2.6055,0.2138,0.015,0.2776,0.0225,0.589,0.015,0.0206,0.2889,0.0694,0.2326,0.0075,0.0038,3.4759,2.0653,0.0019,0.0094,0.1257,0.0075,0.0375,1.3093,0.0169,0.0225,0.2251,0.0038,0.4277,1.45,1.0355,1.2718,0.09,0.4108,0.0338,0.0019,1.6151,0.8685,0.0825,1.3919,0.0281,0.0807,1.4463,2.1478,0.0113,1.3112,2.7706,0.5008,0.1163,1.0486,1.7633,0.8873,0.6003,0.0019,1.0673,0.3508,2.3542,7.2444,1.0129,0.0038,0.06,0.0394,0.2739,0.0544,1.1124,1.223,0.0807,1.2362,0.0807,2.5361,0.0957,0.0113,0.0657,1.0692,0.3114,1.4237,0.1482,0.0769,0.7541,0.0075,0.2532,0.0113,2.039,1.994,0.0563,1.42,0.4765,0.0338,1.5607,0.0469,0.0075,1.5063,0.0206,0.0225,0.015,0.1895,2.5005,0.0075,0.1107,0.0038,0.0038,0.0882,0.0469,0.0
2025-11-11 01:00:30,0.0076,0.0094,0.0019,0.0057,1.1442,1.2594,1.1593,0.4777,0.017,9.7238,0.0189,1.7616,0.5664,0.0094,0.1888,4.337,0.0472,0.017,0.0208,0.1114,1.367,1.4444,2.8813,1.5067,0.0378,1.8598,0.2662,0.4003,1.1876,2.6056,0.2134,0.0151,0.2776,0.0227,0.5891,0.0151,0.0208,0.2889,0.0699,0.2322,0.0076,0.0038,3.4741,2.0637,0.0019,0.0094,0.1265,0.0076,0.0378,1.3103,0.017,0.0227,0.2266,0.0038,0.4267,1.4501,1.0347,1.2726,0.0906,0.4116,0.034,0.0019,1.6143,0.8685,0.0831,1.3915,0.0283,0.0812,1.4463,2.1487,0.0113,1.3103,2.7699,0.5003,0.1152,1.0479,1.7635,0.8874,0.6004,0.0019,1.0668,0.3512,2.3545,7.2447,1.012,0.0038,0.0585,0.0397,0.2738,0.0548,1.1121,1.2235,0.0812,1.2367,0.0812,2.5357,0.0963,0.0094,0.0661,1.0687,0.3115,1.4236,0.1492,0.0774,0.7552,0.0076,0.253,0.0113,2.0392,1.9938,0.0566,1.4217,0.4758,0.034,1.5596,0.0472,0.0076,1.5048,0.0208,0.0227,0.0151,0.1907,2.4999,0.0076,0.1095,0.0038,0.0038,0.0887,0.0472,0.0
2025-11-11 02:01:37,0.0075,0.0094,0.0019,0.0056,1.1443,1.2604,1.1593,0.4776,0.0169,9.7236,0.0187,1.7623,0.5656,0.0094,0.1892,4.3374,0.0468,0.0169,0.0206,0.1105,1.3671,1.4439,2.8822,1.5076,0.0375,1.8597,0.2659,0.3989,1.1874,2.6088,0.2135,0.015,0.2772,0.0225,0.5899,0.015,0.0206,0.2884,0.0693,0.2322,0.0075,0.0037,3.474,2.0638,0.0019,0.0094,0.1255,0.0075,0.0375,1.3091,0.0169,0.0225,0.2266,0.0037,0.427,1.4495,1.0357,1.2735,0.0899,0.412,0.0337,0.0019,1.6144,0.869,0.0824,1.3915,0.0281,0.0824,1.4458,2.1481,0.0112,1.311,2.7699,0.5,0.1161,1.0488,1.7623,0.8877,0.6012,0.0019,1.0675,0.3521,2.3541,7.244,1.0132,0.0037,0.0599,0.0393,0.2734,0.0543,1.1124,1.2229,0.0805,1.236,0.0805,2.5358,0.0955,0.0112,0.0655,1.0694,0.3109,1.4233,0.148,0.0787,0.7547,0.0075,0.2528,0.0112,2.0395,1.9945,0.0562,1.4215,0.4757,0.0356,1.56,0.0468,0.0075,1.5057,0.0206,0.0225,0.015,0.1892,2.5002,0.0075,0.1105,0.0037,0.0037,0.088,0.0468,0.0
2025-11-11 03:00:43,0.0074,0.0093,0.0037,0.0056,1.1463,1.2611,1.1592,0.4778,0.0167,9.7276,0.0185,1.7629,0.5667,0.0093,0.1889,4.3388,0.0463,0.0167,0.0204,0.1111,1.3685,1.4463,2.8833,1.5074,0.037,1.8611,0.2667,0.4,1.187,2.6092,0.213,0.0167,0.2778,0.0222,0.5889,0.0148,0.0222,0.2889,0.0685,0.2333,0.0074,0.0037,3.4796,2.0648,0.0019,0.0093,0.1259,0.0093,0.0389,1.3092,0.0167,0.0222,0.2259,0.0037,0.4278,1.45,1.0352,1.2741,0.0907,0.4111,0.0333,0.0019,1.6148,0.8704,0.0833,1.3907,0.0278,0.0815,1.4463,2.15,0.0111,1.3111,2.7703,0.5018,0.1167,1.0481,1.7629,0.8889,0.6018,0.0019,1.0666,0.3518,2.3555,7.2462,1.0129,0.0037,0.0593,0.0389,0.2741,0.0537,1.1129,1.2259,0.0815,1.237,0.0796,2.537,0.0963,0.0111,0.0648,1.0685,0.3111,1.424,0.1481,0.0778,0.7555,0.0093,0.2518,0.0111,2.0407,1.9944,0.0556,1.4222,0.4759,0.0352,1.5611,0.0463,0.0074,1.5055,0.0204,0.0222,0.0148,0.1907,2.5018,0.0074,0.1093,0.0037,0.0037,0.087,0.0,0.0
2025-11-11 04:00:22,0.0074,0.0093,0.0037,0.0056,1.1462,1.261,1.1592,0.4777,0.0167,9.7287,0.0185,1.7628,0.5666,0.0093,0.1889,4.3385,0.0463,0.0167,0.0204,0.1111,1.3684,1.4462,2.8831,1.5073,0.037,1.8609,0.2666,0.4,1.1869,2.6109,0.2129,0.0167,0.2778,0.0222,0.5888,0.0148,0.0222,0.2889,0.0685,0.2333,0.0074,0.0037,3.4793,2.0646,0.0019,0.0093,0.1259,0.0093,0.0389,1.3091,0.0167,0.0222,0.2259,0.0037,0.4277,1.4499,1.0351,1.274,0.0907,0.4111,0.0333,0.0019,1.6147,0.8703,0.0833,1.3906,0.0278,0.0815,1.4462,2.1498,0.0111,1.311,2.772,0.5018,0.1167,1.0481,1.7628,0.8888,0.6018,0.0019,1.0666,0.3518,2.3553,7.2475,1.0129,0.0037,0.0593,0.0389,0.274,0.0537,1.1129,1.2258,0.0815,1.2369,0.0796,2.5368,0.0963,0.0111,0.0648,1.0684,0.3111,1.4239,0.1481,0.0778,0.7555,0.0093,0.2518,0.0111,2.0406,1.9943,0.0556,1.4221,0.4759,0.0352,1.561,0.0463,0.0074,1.5054,0.0204,0.0222,0.0148,0.1907,2.5016,0.0074,0.1092,0.0037,0.0037,0.087,0.0,0.0
2025-11-11 05:00:22,0.0075,0.0093,0.0037,0.0056,1.1459,1.2599,1.159,0.4785,0.0168,9.7278,0.0187,1.7627,0.5664,0.0093,0.1888,4.3386,0.0467,0.0168,0.0206,0.1103,1.3683,1.445,2.8825,1.5067,0.0374,1.86,0.2654,0.4,1.187,2.6114,0.2131,0.015,0.2785,0.0224,0.5888,0.015,0.0206,0.2879,0.0692,0.2337,0.0075,0.0037,3.4806,2.0656,0.0019,0.0093,0.1252,0.0075,0.0374,1.3104,0.0168,0.0224,0.2262,0.0037,0.4281,1.4506,1.0356,1.2749,0.0897,0.4112,0.0336,0.0019,1.6151,0.8711,0.0822,1.3908,0.028,0.0822,1.4468,2.1497,0.0112,1.3104,2.7703,0.501,0.1159,1.0487,1.7627,0.8879,0.6019,0.0019,1.0674,0.3514,2.3553,7.2454,1.0132,0.0037,0.0598,0.0393,0.2729,0.0542,1.1122,1.2263,0.0804,1.2375,0.0804,2.5366,0.0953,0.0112,0.0654,1.0692,0.3122,1.4244,0.1495,0.0785,0.7571,0.0075,0.2524,0.0112,2.0413,1.9945,0.0561,1.4207,0.4767,0.0355,1.5609,0.0467,0.0075,1.5048,0.0206,0.0224,0.015,0.1907,2.5011,0.0075,0.1103,0.0037,0.0037,0.0879,0.0,0.0
2025-11-11 06:00:18,0.0074,0.0092,0.0037,0.0055,1.1452,1.2598,1.1582,0.4784,0.0166,9.7253,0.0185,1.7622,0.5652,0.0092,0.1884,4.3371,0.0462,0.0166,0.0203,0.1108,1.3706,1.4445,2.8816,1.5073,0.0369,1.8601,0.266,0.399,1.1877,2.6156,0.2124,0.0166,0.2789,0.0222,0.5892,0.0148,0.0222,0.2882,0.0702,0.2346,0.0074,0.0037,3.4838,2.0651,0.0018,0.0092,0.1256,0.0092,0.0388,1.3096,0.0166,0.0222,0.2254,0.0037,0.4285,1.45,1.0344,1.2745,0.0905,0.4119,0.0332,0.0018,1.6144,0.8737,0.0831,1.3909,0.0277,0.0813,1.4463,2.1483,0.0111,1.3096,2.7707,0.5006,0.1164,1.0492,1.7622,0.8885,0.6003,0.0018,1.0677,0.351,2.3551,7.2446,1.0122,0.0037,0.0591,0.0388,0.2734,0.0536,1.112,1.2284,0.0813,1.2376,0.0794,2.5362,0.0961,0.0111,0.0647,1.0695,0.3122,1.4242,0.1496,0.0776,0.7592,0.0092,0.2531,0.0111,2.0393,1.9949,0.0554,1.4205,0.4766,0.0351,1.5609,0.0462,0.0074,1.5054,0.0203,0.0222,0.0148,0.1903,2.5011,0.0074,0.109,0.0037,0.0037,0.0887,0.0,0.0
2025-11-11 07:00:22,0.0074,0.0093,0.0037,0.0056,1.1443,1.2594,1.1591,0.4774,0.0167,9.7262,0.0186,1.7628,0.5666,0.0093,0.1876,4.3374,0.0464,0.0167,0.0204,0.1115,1.3709,1.4452,2.8829,1.5065,0.0372,1.8613,0.2656,0.3994,1.187,2.6173,0.2136,0.0149,0.2786,0.0223,0.5888,0.0149,0.0223,0.2879,0.0687,0.2341,0.0074,0.0037,3.4848,2.0638,0.0019,0.0093,0.1263,0.0093,0.039,1.3096,0.0167,0.0223,0.2266,0.0037,0.4272,1.4508,1.0347,1.2743,0.091,0.4124,0.0334,0.0019,1.6142,0.8731,0.0836,1.3913,0.0279,0.0817,1.447,2.1492,0.0111,1.3096,2.7696,0.5015,0.117,1.0477,1.7628,0.8879,0.6019,0.0019,1.0662,0.3511,2.3535,7.2445,1.0124,0.0037,0.0594,0.039,0.2731,0.0539,1.1127,1.2278,0.0817,1.2371,0.0799,2.5356,0.0966,0.0111,0.065,1.0681,0.3121,1.4248,0.1486,0.078,0.7579,0.0074,0.2526,0.0111,2.0396,1.995,0.0557,1.421,0.4755,0.0353,1.5604,0.0464,0.0074,1.5046,0.0204,0.0223,0.0149,0.1895,2.5003,0.0074,0.1096,0.0037,0.0037,0.0873,0.0,0.0
2025-11-11 08:00:18,0.0074,0.0092,0.0037,0.0055,1.1453,1.2611,1.1582,0.478,0.0165,9.7248,0.0184,1.7611,0.5662,0.0092,0.1893,4.3366,0.046,0.0165,0.0202,0.1103,1.3696,1.4449,2.8825,1.5074,0.0368,1.8604,0.2666,0.3989,1.1876,2.6178,0.2132,0.0165,0.2776,0.0221,0.5901,0.0147,0.0221,0.2886,0.0699,0.2335,0.0074,0.0037,3.4836,2.0645,0.0018,0.0092,0.1268,0.0092,0.0386,1.3089,0.0165,0.0221,0.2261,0.0037,0.4283,1.4504,1.035,1.274,0.0901,0.4118,0.0331,0.0018,1.6141,0.8732,0.0827,1.3916,0.0276,0.0809,1.4468,2.149,0.011,1.3107,2.7704,0.5019,0.1158,1.0479,1.763,0.8879,0.6011,0.0018,1.0662,0.3511,2.3549,7.2449,1.0129,0.0037,0.0588,0.0386,0.2739,0.0552,1.1122,1.228,0.0809,1.2372,0.0809,2.5351,0.0956,0.011,0.0662,1.0681,0.3125,1.4247,0.1489,0.0772,0.7574,0.0092,0.2519,0.011,2.0406,1.9946,0.057,1.421,0.4761,0.0349,1.5607,0.046,0.0074,1.5056,0.0202,0.0221,0.0147,0.1893,2.5001,0.0074,0.1103,0.0037,0.0037,0.0882,0.0,0.0
2025-11-11 09:00:19,0.0072,0.009,0.0036,0.0054,1.1454,1.2605,1.158,0.4783,0.0162,9.7245,0.018,1.7622,0.5664,0.009,0.1888,4.3372,0.0468,0.018,0.0216,0.1097,1.3702,1.4457,2.8825,1.5069,0.0378,1.8611,0.2661,0.3992,1.1868,2.6163,0.2122,0.0162,0.2787,0.0234,0.5898,0.0144,0.0216,0.2877,0.0701,0.2338,0.009,0.0036,3.4849,2.0643,0.0018,0.009,0.1259,0.009,0.0378,1.3091,0.0162,0.0216,0.2266,0.0036,0.428,1.4493,1.0357,1.2749,0.0899,0.4118,0.0342,0.0018,1.6148,0.8739,0.0827,1.3918,0.0288,0.0809,1.4457,2.1488,0.0126,1.3109,2.771,0.5017,0.1169,1.0483,1.7622,0.8883,0.6006,0.0018,1.0663,0.3506,2.3538,7.2448,1.0124,0.0036,0.0593,0.0396,0.2733,0.0539,1.1113,1.23,0.0809,1.2371,0.0809,2.5354,0.0953,0.0108,0.0647,1.0681,0.3111,1.4242,0.1492,0.0773,0.7588,0.009,0.2517,0.0126,2.0391,1.9942,0.0557,1.4206,0.4765,0.0342,1.5608,0.0468,0.0072,1.5051,0.0198,0.0216,0.0144,0.1906,2.4995,0.0072,0.1097,0.0036,0.0036,0.0881,0.0,0.0
2025-11-11 10:00:23,0.0071,0.0088,0.0035,0.0053,1.1444,1.2607,1.1585,0.4778,0.0159,9.7226,0.0176,1.7615,0.566,0.0088,0.1887,4.3359,0.0458,0.0176,0.0212,0.1111,1.3718,1.4441,2.8812,1.5058,0.037,1.8602,0.2663,0.4003,1.1867,2.622,0.2134,0.0159,0.2786,0.0229,0.5889,0.0141,0.0212,0.2892,0.0688,0.2345,0.0088,0.0035,3.4895,2.0648,0.0018,0.0088,0.1252,0.0088,0.0388,1.3083,0.0159,0.0229,0.2257,0.0035,0.4267,1.4494,1.035,1.2731,0.0899,0.4108,0.0335,0.0018,1.6151,0.8763,0.0829,1.3912,0.0282,0.0811,1.4459,2.1477,0.0123,1.3101,2.7701,0.5008,0.1164,1.0491,1.7633,0.8869,0.6013,0.0018,1.0668,0.3509,2.354,7.2435,1.0121,0.0035,0.06,0.0388,0.2733,0.0547,1.1126,1.2308,0.0811,1.236,0.0811,2.5356,0.0952,0.0106,0.0652,1.0685,0.3121,1.4247,0.1499,0.0776,0.76,0.0088,0.2521,0.0123,2.0401,1.9943,0.0564,1.4212,0.4761,0.0353,1.5605,0.0458,0.0071,1.5041,0.0194,0.0212,0.0141,0.1904,2.5003,0.0071,0.1093,0.0053,0.0035,0.0882,0.0,0.0
2025-11-11 11:00:20,0.007,0.0088,0.0035,0.0053,1.1447,1.2607,1.1587,0.4783,0.0158,9.7234,0.0176,1.7618,0.5662,0.0088,0.1881,4.336,0.0457,0.0176,0.0211,0.1108,1.3715,1.4453,2.8819,1.5069,0.0369,1.8603,0.2655,0.3991,1.1869,2.6234,0.2128,0.0158,0.2778,0.0229,0.589,0.0141,0.0211,0.2884,0.0686,0.2356,0.0088,0.0035,3.4885,2.0642,0.0018,0.0088,0.1266,0.0088,0.0387,1.3082,0.0176,0.0229,0.2251,0.0035,0.4273,1.4506,1.0356,1.273,0.0897,0.4114,0.0334,0.0018,1.6141,0.8756,0.0826,1.3908,0.0281,0.0809,1.4453,2.1486,0.0123,1.3099,2.7693,0.5011,0.116,1.0479,1.7636,0.8879,0.6013,0.0018,1.0673,0.3517,2.3544,7.2442,1.0128,0.0035,0.0598,0.0387,0.2725,0.0545,1.1112,1.2308,0.0809,1.2361,0.0809,2.5355,0.0967,0.0105,0.0651,1.069,0.3112,1.4242,0.1495,0.0774,0.7596,0.0088,0.2532,0.0123,2.0396,1.9939,0.0563,1.4207,0.4765,0.0352,1.5596,0.0457,0.007,1.5051,0.0193,0.0211,0.0141,0.1899,2.5003,0.007,0.109,0.0053,0.0035,0.0879,0.0,0.0
2025-11-11 12:00:18,0.0071,0.0089,0.0035,0.0053,1.1454,1.2607,1.1578,0.477,0.016,9.7236,0.0177,1.7624,0.5656,0.0089,0.1879,4.3352,0.0461,0.0177,0.0213,0.1099,1.3724,1.4451,2.8813,1.5071,0.0372,1.86,0.266,0.3989,1.1862,2.6206,0.2128,0.016,0.2784,0.0231,0.5887,0.0142,0.0213,0.289,0.0692,0.2358,0.0089,0.0035,3.4877,2.0639,0.0018,0.0089,0.1259,0.0089,0.039,1.3085,0.016,0.0231,0.2252,0.0035,0.4273,1.4504,1.0355,1.2731,0.0904,0.4114,0.0337,0.0018,1.6153,0.8759,0.0833,1.3901,0.0284,0.0816,1.4451,2.1472,0.0124,1.3103,2.7696,0.5,0.117,1.0479,1.7624,0.8883,0.6011,0.0018,1.0674,0.3511,2.3547,7.243,1.0124,0.0035,0.0585,0.039,0.2731,0.055,1.1117,1.2323,0.0816,1.2376,0.0798,2.5355,0.0957,0.0106,0.0656,1.0692,0.3121,1.4238,0.1489,0.078,0.7607,0.0089,0.2518,0.0124,2.039,1.9947,0.0567,1.4202,0.477,0.0355,1.5603,0.0461,0.0071,1.5036,0.0195,0.0213,0.0142,0.1897,2.5,0.0071,0.1099,0.0053,0.0035,0.0887,0.0,0.0
2025-11-11 13:01:56,0.0073,0.0091,0.0036,0.0055,1.1441,1.2608,1.1587,0.4781,0.0164,9.7236,0.0182,1.7608,0.5656,0.0091,0.1879,4.3354,0.0456,0.0182,0.0201,0.1113,1.3721,1.4451,2.8811,1.5072,0.0365,1.8593,0.2664,0.3996,1.186,2.6202,0.2135,0.0164,0.2773,0.0219,0.5894,0.0146,0.0219,0.2883,0.0693,0.2354,0.0091,0.0036,3.4887,2.0637,0.0018,0.0091,0.1259,0.0091,0.0383,1.3083,0.0164,0.0219,0.2263,0.0036,0.427,1.4506,1.0346,1.2736,0.0894,0.4124,0.0328,0.0018,1.6148,0.8758,0.0821,1.3904,0.0274,0.0821,1.4451,2.1476,0.0128,1.3101,2.7698,0.5018,0.1168,1.0492,1.7626,0.8886,0.6003,0.0018,1.0674,0.3503,2.3538,7.2439,1.0127,0.0036,0.0584,0.0401,0.2737,0.0547,1.1112,1.2316,0.0803,1.2371,0.0803,2.5344,0.0967,0.0109,0.0657,1.0692,0.312,1.4232,0.1496,0.0785,0.7609,0.0091,0.2518,0.0128,2.04,1.9943,0.0566,1.4214,0.4762,0.0347,1.5601,0.0456,0.0073,1.5035,0.0201,0.0219,0.0146,0.1898,2.4998,0.0073,0.1095,0.0036,0.0036,0.0876,0.0,0.0
2025-11-11 14:01:23,0.0075,0.0093,0.0037,0.0056,1.1454,1.2613,1.1585,0.4784,0.0168,9.7296,0.0187,1.7621,0.5662,0.0093,0.1887,4.3388,0.0467,0.0168,0.0206,0.1102,1.3641,1.4463,2.8832,1.5079,0.0374,1.8611,0.2653,0.3999,1.1884,2.5954,0.213,0.0149,0.2784,0.0224,0.5905,0.0149,0.0206,0.2878,0.0691,0.2317,0.0075,0.0037,3.4643,2.0648,0.0019,0.0093,0.1252,0.0075,0.0374,1.3099,0.0168,0.0224,0.2261,0.0037,0.4279,1.45,1.0352,1.2744,0.0897,0.4111,0.0336,0.0019,1.6163,0.8633,0.0822,1.3921,0.028,0.0822,1.4463,2.1488,0.0112,1.3117,2.7711,0.5008,0.1159,1.0483,1.7639,0.8876,0.6017,0.0019,1.067,0.3513,2.3563,7.2482,1.0146,0.0037,0.0598,0.0392,0.2728,0.0542,1.1118,1.2146,0.0803,1.237,0.0803,2.5375,0.0972,0.0112,0.0654,1.0688,0.3121,1.4257,0.1476,0.0785,0.7493,0.0075,0.2523,0.0112,2.0405,1.9956,0.0561,1.422,0.4765,0.0355,1.5621,0.0467,0.0075,1.5061,0.0206,0.0224,0.0149,0.1906,2.502,0.0075,0.1102,0.0037,0.0037,0.0878,0.0486,0.0
2025-11-11 15:02:01,0.0075,0.0093,0.0037,0.0056,1.1453,1.261,1.1584,0.4794,0.0168,9.7295,0.0187,1.7627,0.5671,0.0093,0.1884,4.3387,0.0466,0.0168,0.0205,0.1101,1.3636,1.4456,2.8838,1.5072,0.0373,1.8616,0.2667,0.401,1.1882,2.5947,0.2126,0.0149,0.2779,0.0224,0.5894,0.0149,0.0224,0.2891,0.069,0.2313,0.0075,0.0037,3.4639,2.0649,0.0019,0.0093,0.125,0.0075,0.0373,1.3113,0.0168,0.0224,0.2257,0.0037,0.4272,1.4512,1.0353,1.2722,0.0895,0.4122,0.0336,0.0019,1.6154,0.8636,0.0821,1.3915,0.028,0.0821,1.4475,2.1489,0.0112,1.3113,2.7719,0.5018,0.1157,1.0483,1.7627,0.8879,0.6006,0.0019,1.067,0.3507,2.3559,7.2468,1.0147,0.0037,0.0597,0.0392,0.2742,0.0541,1.1117,1.2162,0.0802,1.2367,0.0802,2.5368,0.097,0.0112,0.0653,1.0688,0.3115,1.4251,0.1474,0.0783,0.7499,0.0075,0.2537,0.0112,2.0407,1.9959,0.056,1.4214,0.4775,0.0354,1.5613,0.0466,0.0075,1.5072,0.0205,0.0224,0.0149,0.1903,2.5014,0.0075,0.1101,0.0037,0.0037,0.0877,0.0485,0.0
2025-11-11 16:00:46,0.0075,0.0093,0.0037,0.0056,1.145,1.2606,1.158,0.4774,0.0168,9.7266,0.0186,1.7622,0.5669,0.0093,0.1883,4.3374,0.0466,0.0168,0.0205,0.11,1.3706,1.4452,2.8829,1.5067,0.0373,1.861,0.2667,0.3991,1.1879,2.6144,0.2126,0.0149,0.2779,0.0224,0.5893,0.0149,0.0224,0.289,0.069,0.2331,0.0075,0.0037,3.4815,2.0643,0.0019,0.0093,0.1268,0.0075,0.0373,1.3091,0.0168,0.0224,0.2256,0.0037,0.427,1.4508,1.0349,1.2736,0.0895,0.4121,0.0336,0.0019,1.6149,0.8727,0.082,1.3911,0.028,0.082,1.4471,2.1482,0.0112,1.3109,2.771,0.5016,0.1156,1.048,1.7641,0.8876,0.6005,0.0019,1.0666,0.3506,2.3552,7.2465,1.0126,0.0037,0.0597,0.0392,0.2741,0.0541,1.1114,1.227,0.0802,1.2382,0.0802,2.5361,0.097,0.0112,0.0653,1.0685,0.3114,1.4247,0.1492,0.0783,0.7571,0.0075,0.2536,0.0112,2.0401,1.9953,0.0559,1.421,0.4774,0.0354,1.5608,0.0466,0.0075,1.5049,0.0205,0.0224,0.0149,0.1902,2.5007,0.0075,0.11,0.0037,0.0037,0.0876,0.0,0.0
2025-11-11 17:00:42,0.0073,0.0091,0.0037,0.0055,1.1455,1.2608,1.1583,0.4776,0.0165,9.7261,0.0183,1.7622,0.5654,0.0091,0.1885,4.3369,0.0457,0.0165,0.0201,0.1098,1.3651,1.4456,2.8821,1.5079,0.0366,1.861,0.2653,0.4008,1.1876,2.6022,0.2123,0.0165,0.2781,0.022,0.5892,0.0146,0.022,0.2891,0.0695,0.2324,0.0091,0.0037,3.4695,2.0642,0.0018,0.0091,0.1263,0.0091,0.0384,1.3102,0.0165,0.022,0.2269,0.0037,0.4282,1.4511,1.0357,1.2736,0.0897,0.4117,0.0329,0.0018,1.6158,0.8674,0.0823,1.3907,0.0274,0.0823,1.4456,2.1483,0.011,1.3102,2.7705,0.5014,0.1153,1.0485,1.7622,0.8875,0.602,0.0018,1.0668,0.3513,2.3551,7.2447,1.0138,0.0037,0.0586,0.0403,0.2727,0.0549,1.1126,1.2206,0.0805,1.237,0.0805,2.5363,0.097,0.011,0.0659,1.0687,0.3111,1.4237,0.1482,0.0787,0.7521,0.0091,0.2525,0.0128,2.0404,1.9946,0.0567,1.4219,0.4758,0.0348,1.5609,0.0457,0.0073,1.506,0.0201,0.022,0.0146,0.1903,2.4997,0.0073,0.1098,0.0037,0.0037,0.0878,0.0476,0.0
2025-11-11 18:00:55,0.0073,0.0092,0.0037,0.0055,1.1452,1.2607,1.1581,0.4782,0.0165,9.7262,0.0183,1.7627,0.5662,0.0092,0.1887,4.3372,0.0458,0.0165,0.0202,0.1099,1.367,1.4457,2.8823,1.5062,0.0366,1.8599,0.2657,0.3995,1.1874,2.602,0.2126,0.0165,0.2785,0.022,0.59,0.0147,0.022,0.2877,0.0696,0.2327,0.0092,0.0037,3.4705,2.0651,0.0018,0.0092,0.1264,0.0092,0.0385,1.3101,0.0165,0.022,0.2254,0.0037,0.4269,1.4512,1.0353,1.2735,0.0898,0.4123,0.033,0.0018,1.6143,0.8685,0.0825,1.3908,0.0275,0.0825,1.4457,2.1494,0.011,1.3101,2.7706,0.5002,0.1154,1.0481,1.7627,0.8887,0.601,0.0018,1.0664,0.3518,2.3546,7.2452,1.0133,0.0037,0.0586,0.0385,0.273,0.055,1.1123,1.2204,0.0806,1.2369,0.0806,2.536,0.0953,0.011,0.066,1.0683,0.3115,1.4238,0.1484,0.077,0.7531,0.0092,0.2529,0.0128,2.0394,1.9955,0.0568,1.4219,0.4764,0.0348,1.5612,0.0458,0.0073,1.5062,0.0202,0.022,0.0147,0.1906,2.5012,0.0073,0.1099,0.0037,0.0037,0.088,0.0476,0.0
2025-11-11 19:00:31,0.0074,0.0093,0.0037,0.0056,1.1443,1.261,1.1592,0.4777,0.0167,9.7269,0.0185,1.7628,0.5666,0.0093,0.1889,4.3366,0.0463,0.0167,0.0204,0.1111,1.3665,1.4443,2.8831,1.5073,0.037,1.8609,0.2666,0.4,1.1869,2.6035,0.2129,0.0167,0.2778,0.0222,0.5888,0.0148,0.0222,0.2889,0.0685,0.2315,0.0074,0.0037,3.4719,2.0646,0.0019,0.0093,0.1259,0.0093,0.0389,1.3091,0.0167,0.0222,0.2259,0.0037,0.4277,1.4499,1.0351,1.274,0.0907,0.4111,0.0333,0.0019,1.6147,0.8684,0.0833,1.3906,0.0278,0.0815,1.4462,2.1479,0.0111,1.311,2.7701,0.5018,0.1148,1.0481,1.7628,0.8888,0.6018,0.0019,1.0666,0.3518,2.3553,7.2456,1.0129,0.0037,0.0593,0.0389,0.274,0.0537,1.1129,1.2203,0.0815,1.2369,0.0796,2.535,0.0963,0.0111,0.0648,1.0684,0.3111,1.4239,0.1481,0.0778,0.7536,0.0093,0.2518,0.0111,2.0406,1.9943,0.0556,1.4202,0.4759,0.0352,1.561,0.0463,0.0074,1.5054,0.0204,0.0222,0.0148,0.1907,2.4998,0.0074,0.1092,0.0037,0.0037,0.087,0.0481,0.0
2025-11-11 20:00:54,0.0074,0.0093,0.0037,0.0056,1.1462,1.2597,1.1592,0.4782,0.0167,9.7257,0.0186,1.7621,0.5656,0.0093,0.1879,4.3372,0.0465,0.0167,0.0205,0.1098,1.3657,1.4457,2.8822,1.5071,0.0372,1.8607,0.2661,0.4,1.1871,2.6031,0.214,0.0149,0.2772,0.0223,0.5898,0.0149,0.0223,0.2884,0.0688,0.2326,0.0074,0.0037,3.472,2.0653,0.0019,0.0093,0.1265,0.0074,0.0391,1.3099,0.0167,0.0223,0.2251,0.0037,0.428,1.4495,1.0345,1.2727,0.0893,0.4112,0.0335,0.0019,1.6151,0.8671,0.0819,1.3918,0.0279,0.0819,1.4457,2.1491,0.0112,1.3099,2.7705,0.5005,0.1154,1.0494,1.7639,0.8875,0.601,0.0019,1.0662,0.3517,2.3538,7.2455,1.0141,0.0037,0.0595,0.0391,0.2735,0.054,1.1127,1.2206,0.08,1.2373,0.08,2.5361,0.0968,0.0112,0.0651,1.068,0.3126,1.4253,0.1489,0.0781,0.7536,0.0074,0.2531,0.0112,2.0393,1.9946,0.0558,1.4216,0.4763,0.0354,1.5611,0.0465,0.0074,1.5053,0.0205,0.0223,0.0149,0.1898,2.5007,0.0074,0.1098,0.0037,0.0037,0.0875,0.0484,0.0
2025-11-11 21:00:33,0.0074,0.0093,0.0037,0.0056,1.1449,1.2602,1.1579,0.4777,0.0167,9.7206,0.0186,1.7601,0.565,0.0093,0.1877,4.3343,0.0465,0.0167,0.0204,0.1097,1.3754,1.4442,2.8809,1.5055,0.0372,1.8586,0.2658,0.3996,1.1858,2.63,0.2119,0.0149,0.2788,0.0223,0.5892,0.0149,0.0223,0.2881,0.0688,0.236,0.0074,0.0037,3.4961,2.0631,0.0019,0.0093,0.1264,0.0093,0.039,1.3085,0.0167,0.0223,0.2249,0.0037,0.4275,1.4497,1.0353,1.2732,0.0911,0.4108,0.0335,0.0019,1.6133,0.8791,0.0836,1.3903,0.0279,0.0818,1.446,2.1467,0.0112,1.3103,2.7694,0.5,0.1171,1.0483,1.762,0.8866,0.6003,0.0019,1.0669,0.3513,2.353,7.2412,1.0111,0.0037,0.0595,0.039,0.2732,0.0539,1.1115,1.236,0.0818,1.236,0.0799,2.5333,0.0966,0.0112,0.0651,1.0687,0.3123,1.4237,0.1505,0.0781,0.7639,0.0074,0.2528,0.0112,2.0389,1.9943,0.0558,1.42,0.4758,0.0353,1.5594,0.0465,0.0074,1.5036,0.0204,0.0223,0.0149,0.1896,2.498,0.0074,0.1097,0.0037,0.0037,0.0874,0.0,0.0
2025-11-11 22:00:25,0.0075,0.0094,0.0019,0.0057,1.1441,1.2591,1.1573,0.4769,0.017,9.7201,0.0188,1.7604,0.5655,0.0094,0.1885,4.3332,0.0471,0.017,0.0207,0.1112,1.374,1.4438,2.88,1.506,0.0377,1.8584,0.2658,0.3996,1.1856,2.6293,0.213,0.0151,0.2771,0.0226,0.59,0.0151,0.0207,0.2884,0.0697,0.2356,0.0075,0.0038,3.4964,2.0639,0.0019,0.0094,0.1263,0.0075,0.0377,1.3081,0.017,0.0226,0.2262,0.0038,0.4279,1.4494,1.0348,1.2741,0.0905,0.4109,0.0339,0.0019,1.6134,0.8802,0.0829,1.391,0.0283,0.081,1.4457,2.1468,0.0113,1.31,2.7688,0.5014,0.1169,1.048,1.7623,0.8878,0.6013,0.0019,1.0668,0.3506,2.3523,7.2397,1.0122,0.0038,0.0584,0.0396,0.2733,0.0547,1.1121,1.2365,0.081,1.2365,0.081,2.5332,0.0961,0.0113,0.066,1.0687,0.311,1.4231,0.1508,0.0773,0.7634,0.0075,0.2526,0.0113,2.0394,1.9942,0.0565,1.4193,0.475,0.0339,1.5588,0.0471,0.0075,1.5041,0.0207,0.0226,0.0151,0.1904,2.4993,0.0075,0.1093,0.0038,0.0038,0.0886,0.0,0.0
2025-11-11 23:02:08,0.0075,0.0094,0.0019,0.0057,1.1454,1.2605,1.1586,0.4774,0.017,9.7196,0.0189,1.7605,0.5661,0.0094,0.1887,4.3343,0.0472,0.017,0.0208,0.1113,1.368,1.4435,2.8813,1.5058,0.0377,1.8586,0.2661,0.4,1.1869,2.6096,0.2132,0.0151,0.2774,0.0226,0.5887,0.0151,0.0208,0.2887,0.0698,0.234,0.0075,0.0038,3.4776,2.0624,0.0019,0.0094,0.1264,0.0075,0.0377,1.3076,0.017,0.0226,0.2264,0.0038,0.4283,1.4492,1.034,1.2718,0.0906,0.4114,0.034,0.0019,1.6133,0.8718,0.083,1.3907,0.0283,0.0811,1.4454,2.1473,0.0113,1.3095,2.7681,0.5,0.1151,1.0472,1.7624,0.8869,0.6,0.0019,1.0661,0.351,2.353,7.2402,1.0133,0.0038,0.0585,0.0396,0.2736,0.0547,1.1114,1.2246,0.0811,1.2359,0.0811,2.5342,0.0962,0.0094,0.066,1.068,0.3113,1.4227,0.1491,0.0774,0.7567,0.0075,0.2528,0.0113,2.0379,1.9926,0.0566,1.4209,0.4755,0.034,1.5605,0.0472,0.0075,1.5039,0.0208,0.0226,0.0151,0.1906,2.4983,0.0075,0.1094,0.0038,0.0038,0.0887,0.0,0.0755
2025-11-12 00:00:52,0.0076,0.0095,0.0019,0.0057,1.1452,1.2597,1.1585,0.4772,0.0172,9.7206,0.0172,1.7617,0.565,0.0095,0.189,4.3345,0.0458,0.0172,0.021,0.1107,1.3685,1.4448,2.882,1.5059,0.0363,1.859,0.2653,0.3989,1.1872,2.611,0.2138,0.0153,0.2787,0.0229,0.5898,0.0153,0.021,0.2882,0.0687,0.2329,0.0076,0.0038,3.4775,2.0632,0.0019,0.0076,0.126,0.0076,0.0382,1.3093,0.0172,0.0229,0.2252,0.0038,0.4275,1.4505,1.0345,1.273,0.0897,0.4123,0.0324,0.0019,1.6147,0.8703,0.0821,1.3914,0.0286,0.0821,1.4448,2.1472,0.0115,1.3093,2.7694,0.5001,0.1164,1.0478,1.7617,0.8875,0.6012,0.0019,1.0669,0.3512,2.3533,7.2413,1.0135,0.0038,0.0592,0.0401,0.2729,0.0534,1.1108,1.2253,0.0802,1.2368,0.0802,2.5346,0.0954,0.0095,0.0649,1.0688,0.3111,1.4238,0.1489,0.0783,0.7558,0.0076,0.2519,0.0115,2.0384,1.9945,0.0553,1.42,0.4772,0.0344,1.5593,0.0458,0.0076,1.504,0.0191,0.021,0.0153,0.189,2.4984,0.0076,0.1107,0.0038,0.0038,0.0878,0.0,0.0744
2025-11-12 01:01:26,0.0075,0.0094,0.0019,0.0056,1.1446,1.2595,1.1578,0.4782,0.0169,9.7199,0.0188,1.7602,0.5667,0.0094,0.1883,4.3337,0.0471,0.0169,0.0207,0.1111,1.3687,1.444,2.8804,1.5061,0.0377,1.86,0.2654,0.3991,1.186,2.6112,0.2127,0.0151,0.2786,0.0226,0.5893,0.0151,0.0207,0.288,0.0697,0.2334,0.0075,0.0038,3.4772,2.0633,0.0019,0.0094,0.1261,0.0075,0.0377,1.3084,0.0169,0.0226,0.2259,0.0038,0.4274,1.4496,1.0335,1.2726,0.0904,0.4123,0.0339,0.0019,1.6134,0.8716,0.0828,1.3894,0.0282,0.081,1.4458,2.1462,0.0113,1.3103,2.7693,0.5008,0.1167,1.0486,1.7621,0.8867,0.6005,0.0019,1.0656,0.3502,2.3533,7.2405,1.0128,0.0038,0.0584,0.0395,0.273,0.0546,1.1107,1.2256,0.081,1.2369,0.081,2.534,0.096,0.0113,0.0659,1.0674,0.3125,1.4232,0.1487,0.0772,0.7568,0.0075,0.2523,0.0113,2.0389,1.9937,0.0565,1.4195,0.4763,0.0339,1.5588,0.0471,0.0075,1.5042,0.0207,0.0226,0.0151,0.1901,2.4982,0.0075,0.1092,0.0038,0.0038,0.0885,0.0,0.0753
2025-11-12 02:00:26,0.0073,0.0091,0.0036,0.0054,1.1444,1.2587,1.1571,0.477,0.0163,9.7194,0.0181,1.7611,0.5659,0.0091,0.1886,4.3347,0.0472,0.0181,0.02,0.1106,1.3675,1.4437,2.8801,1.5053,0.0363,1.859,0.2666,0.399,1.1861,2.6117,0.2122,0.0163,0.2775,0.0218,0.5894,0.0145,0.0218,0.2884,0.0689,0.234,0.0091,0.0036,3.4768,2.0639,0.0018,0.0091,0.1251,0.0091,0.0381,1.3095,0.0163,0.0218,0.2267,0.0036,0.428,1.4491,1.0338,1.2732,0.0907,0.4117,0.0326,0.0018,1.6123,0.8706,0.0834,1.3911,0.0272,0.0816,1.4455,2.1474,0.0127,1.3095,2.7695,0.5006,0.1161,1.0483,1.7611,0.8869,0.6003,0.0018,1.0664,0.3519,2.3523,7.2401,1.012,0.0036,0.0599,0.0399,0.2739,0.0544,1.1118,1.2242,0.0816,1.2369,0.0798,2.5337,0.0961,0.0109,0.0653,1.0682,0.312,1.4237,0.1487,0.078,0.7563,0.0091,0.2521,0.0127,2.0386,1.9932,0.0562,1.4201,0.477,0.0345,1.5598,0.0472,0.0073,1.5035,0.02,0.0218,0.0145,0.1904,2.4992,0.0073,0.1106,0.0036,0.0036,0.0871,0.0,0.0762
2025-11-12 03:00:50,0.0072,0.009,0.0036,0.0054,1.1443,1.2597,1.1587,0.4776,0.0162,9.7205,0.018,1.7606,0.5659,0.009,0.1892,4.334,0.0469,0.018,0.0198,0.1099,1.3678,1.4435,2.8815,1.5066,0.0378,1.8598,0.2649,0.4001,1.1858,2.6112,0.2126,0.0162,0.2775,0.0234,0.5893,0.0144,0.0216,0.2883,0.0685,0.2325,0.009,0.0036,3.4762,2.0634,0.0018,0.009,0.1261,0.009,0.0378,1.3083,0.0162,0.0216,0.2253,0.0036,0.4271,1.4489,1.0344,1.2741,0.0901,0.4109,0.0324,0.0018,1.6129,0.8704,0.0829,1.3894,0.0288,0.0811,1.4453,2.1481,0.0126,1.3101,2.7698,0.501,0.1153,1.0488,1.7624,0.8866,0.6001,0.0018,1.0668,0.3514,2.3535,7.2408,1.0128,0.0036,0.0595,0.0396,0.2739,0.0541,1.1119,1.2254,0.0811,1.2362,0.0811,2.5337,0.0955,0.0108,0.0649,1.0686,0.3118,1.4237,0.1496,0.0775,0.7551,0.009,0.2523,0.0126,2.0382,1.9931,0.0559,1.4201,0.4758,0.0342,1.5588,0.0469,0.0072,1.5047,0.0198,0.0216,0.0144,0.1892,2.4995,0.0072,0.1099,0.0036,0.0036,0.0883,0.0,0.0757
2025-11-12 04:00:42,0.0072,0.009,0.0036,0.0054,1.1439,1.2588,1.1582,0.4777,0.0162,9.7202,0.018,1.7616,0.5657,0.009,0.1886,4.3349,0.0467,0.018,0.0215,0.1113,1.3683,1.4438,2.8803,1.5066,0.0377,1.8586,0.2658,0.3986,1.187,2.611,0.2137,0.0162,0.2783,0.0233,0.589,0.0144,0.0215,0.2891,0.07,0.2334,0.009,0.0036,3.4765,2.0633,0.0018,0.009,0.1257,0.009,0.0377,1.3073,0.0162,0.0215,0.2263,0.0036,0.4274,1.4491,1.0343,1.2732,0.0898,0.4112,0.0341,0.0018,1.6126,0.8709,0.0826,1.3899,0.0287,0.0808,1.4456,2.1477,0.0126,1.3091,2.769,0.501,0.1167,1.0487,1.7616,0.8871,0.6016,0.0018,1.0667,0.352,2.3524,7.2403,1.0128,0.0036,0.0593,0.0395,0.2729,0.0539,1.1116,1.2247,0.0808,1.2355,0.0808,2.5338,0.0952,0.0108,0.0646,1.0685,0.3125,1.424,0.149,0.0772,0.756,0.009,0.2532,0.0126,2.0381,1.9932,0.0557,1.4204,0.4759,0.0341,1.5587,0.0467,0.0072,1.503,0.0198,0.0215,0.0144,0.1903,2.4996,0.0072,0.1095,0.0036,0.0036,0.088,0.0,0.0754
2025-11-12 05:00:30,0.0072,0.009,0.0036,0.0054,1.1453,1.2591,1.158,0.4769,0.0163,9.7209,0.0181,1.7614,0.5654,0.009,0.1879,4.3338,0.047,0.0181,0.0199,0.1102,1.3675,1.4434,2.8814,1.5066,0.0379,1.8589,0.2656,0.3992,1.1869,2.6104,0.2132,0.0163,0.2782,0.0217,0.5889,0.0145,0.0217,0.289,0.0686,0.233,0.009,0.0036,3.4776,2.063,0.0018,0.009,0.1265,0.009,0.0379,1.3079,0.0163,0.0217,0.2258,0.0036,0.4281,1.4488,1.0351,1.2736,0.0903,0.4119,0.0325,0.0018,1.6132,0.8707,0.0831,1.391,0.0289,0.0813,1.4452,2.148,0.0126,1.3097,2.7694,0.5004,0.1156,1.0478,1.7614,0.887,0.6016,0.0018,1.0658,0.3505,2.3539,7.2405,1.0117,0.0036,0.0596,0.0397,0.2728,0.0542,1.111,1.2248,0.0813,1.2357,0.0795,2.5345,0.0957,0.0108,0.065,1.0677,0.3125,1.4235,0.1481,0.0777,0.7551,0.009,0.2529,0.0126,2.0396,1.9926,0.056,1.4199,0.4769,0.0343,1.559,0.047,0.0072,1.5048,0.0199,0.0217,0.0145,0.1897,2.4984,0.0072,0.1102,0.0036,0.0036,0.0885,0.0,0.0759
2025-11-12 06:01:02,0.0071,0.0089,0.0035,0.0053,1.1444,1.2598,1.1586,0.4773,0.016,9.7198,0.0177,1.7601,0.566,0.0089,0.1881,4.3347,0.0461,0.0177,0.0213,0.11,1.368,1.4443,2.8815,1.5064,0.0373,1.8595,0.2662,0.3992,1.187,2.6101,0.2129,0.016,0.2786,0.0231,0.5891,0.0142,0.0213,0.2874,0.0692,0.2324,0.0089,0.0035,3.4759,2.0636,0.0018,0.0089,0.126,0.0089,0.039,1.3095,0.016,0.0231,0.2253,0.0035,0.4276,1.4496,1.0344,1.2722,0.0905,0.4116,0.0337,0.0018,1.6129,0.8712,0.0834,1.3911,0.0284,0.0816,1.4461,2.147,0.0124,1.3095,2.7697,0.5004,0.1153,1.0486,1.7619,0.8872,0.6015,0.0018,1.0664,0.3513,2.3528,7.2411,1.0131,0.0035,0.0586,0.039,0.2732,0.055,1.1107,1.2243,0.0816,1.2367,0.0798,2.5338,0.0958,0.0106,0.0657,1.0682,0.3123,1.423,0.149,0.0781,0.7559,0.0089,0.252,0.0124,2.0387,1.9926,0.0568,1.4195,0.4755,0.0355,1.5596,0.0461,0.0071,1.5046,0.0195,0.0213,0.0142,0.1899,2.4983,0.0071,0.11,0.0053,0.0035,0.0869,0.0,0.0745
2025-11-12 07:01:08,0.0072,0.009,0.0036,0.0054,1.145,1.2602,1.1576,0.4771,0.0162,9.7197,0.018,1.7607,0.5653,0.009,0.189,4.3351,0.0468,0.018,0.0216,0.1098,1.3682,1.4438,2.8804,1.5068,0.0378,1.8597,0.2664,0.3997,1.1864,2.6122,0.2124,0.0162,0.2772,0.0234,0.5887,0.0144,0.0216,0.288,0.0702,0.234,0.009,0.0036,3.4763,2.0631,0.0018,0.009,0.126,0.009,0.0378,1.3088,0.0162,0.0216,0.225,0.0036,0.4267,1.4492,1.0352,1.2728,0.09,0.4123,0.0342,0.0018,1.613,0.8713,0.0828,1.3898,0.0288,0.081,1.4456,2.1477,0.0126,1.3088,2.7688,0.5005,0.1152,1.0478,1.7625,0.8875,0.6013,0.0018,1.0658,0.3511,2.353,7.2407,1.0118,0.0036,0.0594,0.0396,0.2736,0.054,1.1108,1.2242,0.081,1.2368,0.081,2.5348,0.0954,0.0108,0.0648,1.0676,0.3114,1.424,0.1494,0.0774,0.7561,0.009,0.252,0.0126,2.0379,1.9929,0.0558,1.4204,0.4753,0.0342,1.559,0.0468,0.0072,1.505,0.0198,0.0216,0.0144,0.189,2.4988,0.0072,0.1098,0.0036,0.0036,0.0882,0.0,0.0756
2025-11-12 08:00:24,0.0072,0.009,0.0036,0.0054,1.1439,1.259,1.1583,0.4784,0.0162,9.7192,0.018,1.7608,0.5665,0.009,0.1888,4.3345,0.0468,0.018,0.0216,0.1097,1.3687,1.4442,2.8812,1.5054,0.0378,1.8597,0.2662,0.3993,1.187,2.6115,0.2122,0.0162,0.2788,0.0234,0.5899,0.0144,0.0216,0.2878,0.0701,0.2338,0.009,0.0036,3.4766,2.0629,0.0018,0.009,0.1259,0.009,0.0378,1.3093,0.0162,0.0216,0.2266,0.0036,0.428,1.4496,1.0342,1.2716,0.0899,0.4119,0.0342,0.0018,1.6133,0.8705,0.0827,1.3903,0.0288,0.0809,1.446,2.1474,0.0126,1.3093,2.7679,0.5,0.1151,1.0485,1.7626,0.8867,0.6007,0.0018,1.0665,0.3507,2.3525,7.2409,1.0126,0.0036,0.0594,0.0396,0.2734,0.054,1.1115,1.2248,0.0809,1.2356,0.0809,2.5341,0.0953,0.0108,0.0647,1.0683,0.3111,1.4226,0.1493,0.0773,0.7554,0.009,0.2518,0.0126,2.0395,1.9928,0.0558,1.4208,0.4766,0.0342,1.5593,0.0468,0.0072,1.5036,0.0198,0.0216,0.0144,0.1906,2.4982,0.0072,0.1097,0.0036,0.0036,0.0881,0.0,0.0755
2025-11-12 09:00:31,0.0072,0.009,0.0036,0.0054,1.1451,1.2601,1.1576,0.4782,0.0162,9.7196,0.018,1.7616,0.5662,0.009,0.1887,4.334,0.0467,0.018,0.0216,0.1097,1.368,1.4435,2.8815,1.5064,0.0377,1.8587,0.266,0.3991,1.1864,2.6101,0.2121,0.0162,0.2786,0.0234,0.5896,0.0144,0.0216,0.2876,0.0701,0.2337,0.009,0.0036,3.4765,2.0636,0.0018,0.009,0.1258,0.009,0.0377,1.3086,0.0162,0.0216,0.2265,0.0036,0.4278,1.4489,1.0354,1.2745,0.0899,0.4116,0.0342,0.0018,1.6124,0.87,0.0827,1.3895,0.0288,0.0809,1.4453,2.1481,0.0126,1.3104,2.7683,0.5015,0.115,1.048,1.7616,0.888,0.6004,0.0018,1.066,0.3505,2.353,7.2407,1.012,0.0036,0.0593,0.0395,0.2732,0.0539,1.1109,1.2242,0.0809,1.2367,0.0809,2.5346,0.0953,0.0108,0.0647,1.0678,0.311,1.4237,0.1492,0.0773,0.755,0.009,0.2517,0.0126,2.0385,1.9935,0.0557,1.4201,0.4764,0.0342,1.5603,0.0467,0.0072,1.5046,0.0198,0.0216,0.0144,0.1905,2.4987,0.0072,0.1097,0.0036,0.0036,0.0881,0.0,0.0755
2025-11-12 10:00:27,0.0072,0.0089,0.0036,0.0054,1.1448,1.2593,1.1573,0.4776,0.0161,9.7217,0.0179,1.7619,0.5652,0.0089,0.1878,4.3358,0.0465,0.0179,0.0215,0.1109,1.3684,1.4453,2.8816,1.5061,0.0376,1.8603,0.2665,0.3989,1.1877,2.6097,0.2129,0.0161,0.2773,0.0233,0.5885,0.0143,0.0215,0.288,0.0698,0.2325,0.0089,0.0036,3.4755,2.0642,0.0018,0.0089,0.1252,0.0089,0.0376,1.3093,0.0161,0.0215,0.2254,0.0036,0.4275,1.4489,1.0339,1.2718,0.0894,0.4114,0.034,0.0018,1.6134,0.8711,0.0823,1.3898,0.0286,0.0823,1.4453,2.1482,0.0125,1.3093,2.7689,0.5008,0.1163,1.0482,1.7619,0.8872,0.601,0.0018,1.0661,0.3506,2.354,7.2425,1.0124,0.0036,0.059,0.0394,0.2737,0.0537,1.1108,1.2253,0.0805,1.236,0.0805,2.5346,0.0966,0.0107,0.0662,1.0679,0.3112,1.4238,0.1485,0.0769,0.7548,0.0089,0.2522,0.0125,2.0391,1.9944,0.0555,1.4202,0.4758,0.034,1.5598,0.0465,0.0072,1.5043,0.0197,0.0215,0.0143,0.1896,2.4988,0.0072,0.1091,0.0036,0.0036,0.0876,0.0,0.0751
2025-11-12 11:01:34,0.0071,0.0089,0.0036,0.0054,1.1438,1.2599,1.1581,0.4772,0.0161,9.7201,0.0179,1.7603,0.5665,0.0089,0.1876,4.3355,0.0465,0.0179,0.0214,0.1108,1.3671,1.444,2.8808,1.5065,0.0375,1.8604,0.2663,0.4003,1.1866,2.6128,0.2127,0.0161,0.2788,0.0232,0.5897,0.0143,0.0214,0.2877,0.0697,0.2323,0.0089,0.0036,3.4759,2.0641,0.0018,0.0089,0.1251,0.0089,0.0375,1.3082,0.0161,0.0214,0.2252,0.0036,0.4271,1.4494,1.0347,1.2742,0.0894,0.411,0.034,0.0018,1.6138,0.8703,0.0822,1.3904,0.0286,0.0822,1.4458,2.1481,0.0125,1.31,2.7682,0.5004,0.1162,1.0473,1.7621,0.8882,0.6005,0.0018,1.0669,0.3503,2.3536,7.2414,1.0133,0.0036,0.059,0.0393,0.2734,0.0536,1.1116,1.2242,0.0804,1.2367,0.0804,2.5341,0.0965,0.0107,0.0661,1.0687,0.311,1.4243,0.1483,0.0768,0.756,0.0089,0.252,0.0125,2.0391,1.9926,0.0554,1.4208,0.4754,0.034,1.5602,0.0465,0.0071,1.5048,0.0197,0.0214,0.0143,0.1894,2.4984,0.0071,0.109,0.0036,0.0036,0.0876,0.0,0.0751
2025-11-12 12:01:14,0.0072,0.009,0.0036,0.0054,1.1441,1.2605,1.1584,0.478,0.0161,9.7202,0.0179,1.7618,0.5658,0.009,0.188,4.3346,0.0466,0.0179,0.0215,0.111,1.3679,1.4449,2.8808,1.5057,0.0376,1.8602,0.265,0.3993,1.187,2.6086,0.2131,0.0161,0.2775,0.0233,0.589,0.0143,0.0215,0.2883,0.0698,0.2328,0.009,0.0036,3.4752,2.0626,0.0018,0.009,0.1253,0.009,0.0376,1.3088,0.0161,0.0215,0.2256,0.0036,0.4279,1.4502,1.0349,1.273,0.0895,0.4118,0.034,0.0018,1.6132,0.8701,0.0824,1.3912,0.0286,0.0824,1.4449,2.1467,0.0125,1.3088,2.7698,0.5013,0.1164,1.0474,1.7618,0.888,0.6016,0.0018,1.0671,0.3509,2.3526,7.2404,1.0134,0.0036,0.0591,0.0394,0.2739,0.0537,1.1118,1.2246,0.0806,1.2372,0.0806,2.5352,0.0967,0.0107,0.0645,1.0689,0.3115,1.4234,0.1486,0.077,0.7556,0.009,0.2524,0.0125,2.0393,1.9927,0.0555,1.4198,0.4763,0.034,1.5595,0.0466,0.0072,1.5039,0.0197,0.0215,0.0143,0.1898,2.4994,0.0072,0.1092,0.0036,0.0036,0.0877,0.0,0.0752
2025-11-12 13:00:53,0.0072,0.009,0.0036,0.0054,1.1448,1.2596,1.1573,0.4773,0.0161,9.7215,0.0179,1.762,0.5652,0.009,0.1884,4.335,0.0467,0.0179,0.0215,0.1112,1.3673,1.4444,2.8816,1.5054,0.0377,1.8589,0.2656,0.4001,1.186,2.6107,0.2135,0.0161,0.2781,0.0233,0.5885,0.0144,0.0215,0.2889,0.07,0.2333,0.009,0.0036,3.4756,2.0634,0.0018,0.009,0.1256,0.009,0.0377,1.308,0.0161,0.0215,0.2261,0.0036,0.427,1.4498,1.0353,1.2722,0.0897,0.4109,0.0341,0.0018,1.6131,0.8702,0.0825,1.3906,0.0287,0.0807,1.4462,2.1478,0.0126,1.3098,2.7686,0.5006,0.1166,1.0479,1.762,0.8882,0.6011,0.0018,1.0658,0.3517,2.3523,7.2418,1.012,0.0036,0.0592,0.0395,0.2727,0.0538,1.1107,1.2237,0.0807,1.2363,0.0807,2.5336,0.0969,0.0108,0.0646,1.0676,0.3122,1.4229,0.1489,0.0772,0.7554,0.009,0.253,0.0126,2.0383,1.9935,0.0556,1.4211,0.4755,0.0341,1.5592,0.0467,0.0072,1.5054,0.0197,0.0215,0.0144,0.1902,2.4995,0.0072,0.1095,0.0036,0.0036,0.0879,0.0,0.0754
2025-11-12 14:01:30,0.0072,0.009,0.0036,0.0054,1.1438,1.2603,1.1581,0.4787,0.0161,9.7202,0.0179,1.7605,0.5665,0.009,0.1882,4.3348,0.0466,0.0179,0.0215,0.1111,1.3678,1.4449,2.8809,1.5059,0.0376,1.8591,0.2653,0.3998,1.1868,2.6084,0.2133,0.0161,0.2779,0.0233,0.5898,0.0143,0.0215,0.2886,0.0699,0.2331,0.009,0.0036,3.4761,2.0634,0.0018,0.009,0.1255,0.009,0.0376,1.3087,0.0161,0.0215,0.2259,0.0036,0.4267,1.4485,1.0344,1.2728,0.0896,0.4123,0.0341,0.0018,1.6135,0.8695,0.0825,1.3894,0.0287,0.0807,1.4449,2.1477,0.0125,1.3105,2.7698,0.5002,0.1165,1.0487,1.7622,0.8874,0.6006,0.0018,1.0667,0.3514,2.3538,7.2408,1.0129,0.0036,0.0592,0.0394,0.2725,0.0538,1.1115,1.2244,0.0807,1.237,0.0807,2.5349,0.0968,0.0108,0.0645,1.0685,0.3119,1.4234,0.1488,0.0771,0.7547,0.009,0.2528,0.0125,2.0383,1.9935,0.0556,1.4198,0.4769,0.0341,1.5597,0.0466,0.0072,1.5041,0.0197,0.0215,0.0143,0.19,2.4991,0.0072,0.1094,0.0036,0.0036,0.0878,0.0,0.0753
2025-11-12 15:01:54,0.0074,0.0092,0.0037,0.0055,1.1537,1.2698,1.1684,0.4829,0.0166,9.8045,0.0184,1.7766,0.5713,0.0092,0.1898,4.3733,0.0461,0.0166,0.0203,0.1124,1.3785,1.4559,2.9063,1.5186,0.0369,1.8761,0.2672,0.4036,1.1979,2.6262,0.2156,0.0166,0.2801,0.0221,0.5934,0.0147,0.0221,0.2912,0.07,0.2341,0.0092,0.0037,3.4998,2.0807,0.0018,0.0092,0.1272,0.0092,0.0387,1.3195,0.0166,0.0221,0.2285,0.0037,0.4312,1.4615,1.0431,1.2845,0.0903,0.4147,0.0332,0.0018,1.6273,0.8754,0.0829,1.4025,0.0276,0.0829,1.4578,2.1655,0.0111,1.3214,2.7939,0.505,0.1161,1.0579,1.7766,0.0,0.6063,0.0018,1.0763,0.3538,2.3737,7.3036,1.021,0.0037,0.059,0.0405,0.2764,0.0553,1.1205,1.2311,0.0811,1.2477,0.0811,2.5562,0.0977,0.0111,0.0663,1.0781,0.3151,1.4357,0.1493,0.0792,0.7593,0.0092,0.2543,0.0129,2.0567,2.0107,0.0571,1.432,0.481,0.035,1.5739,0.0461,0.0074,1.5186,0.0203,0.0221,0.0147,0.1917,2.5211,0.0074,0.1106,0.0037,0.0037,0.0885,0.0479,0.0756
2025-11-12 16:00:44,0.0075,0.0093,0.0037,0.0056,1.1553,1.2712,1.1684,0.4823,0.0168,9.8048,0.0187,1.7759,0.5702,0.0093,0.1907,4.3725,0.0467,0.0168,0.0206,0.1122,1.3777,1.4562,2.9069,1.5198,0.0374,1.875,0.2673,0.4038,1.1964,2.6283,0.215,0.015,0.2804,0.0224,0.5945,0.015,0.0224,0.2916,0.0692,0.2337,0.0075,0.0037,3.5013,2.0806,0.0019,0.0093,0.1271,0.0093,0.0393,1.3198,0.0168,0.0224,0.2281,0.0037,0.4318,1.4618,1.0431,1.2843,0.0916,0.415,0.0336,0.0019,1.6264,0.8749,0.0841,1.402,0.028,0.0823,1.4581,2.1666,0.0112,1.3216,2.7928,0.5047,0.1159,1.0581,1.7778,0.0,0.6057,0.0019,1.0749,0.3533,2.3741,7.3036,1.0225,0.0037,0.0598,0.0393,0.2748,0.0542,1.1216,1.2319,0.0823,1.2469,0.0804,2.5573,0.0972,0.0112,0.0654,1.0768,0.3141,1.4357,0.1495,0.0785,0.759,0.0093,0.2542,0.0112,2.0563,2.0114,0.0561,1.4319,0.4804,0.0355,1.574,0.0467,0.0075,1.5179,0.0206,0.0224,0.015,0.1907,2.5199,0.0075,0.1103,0.0037,0.0037,0.0879,0.0486,0.0766
2025-11-12 17:00:31,0.0077,0.0096,0.0019,0.0058,1.154,1.2713,1.1675,0.4828,0.0173,9.8071,0.0173,1.7772,0.5712,0.0096,0.1904,4.3737,0.0462,0.0173,0.0212,0.1116,1.379,1.4579,2.9062,1.5194,0.0365,1.8753,0.2673,0.4039,1.1982,2.6273,0.2154,0.0154,0.2808,0.0231,0.5943,0.0154,0.0212,0.2904,0.0692,0.2346,0.0077,0.0038,3.5005,2.081,0.0019,0.0077,0.1269,0.0077,0.0385,1.3213,0.0173,0.0231,0.227,0.0038,0.4308,1.4617,1.0444,1.2848,0.0904,0.4154,0.0327,0.0019,1.6271,0.8751,0.0827,1.4021,0.0289,0.0827,1.4579,2.1657,0.0115,1.3213,2.7927,0.5058,0.1173,1.0578,1.7772,0.0,0.6059,0.0019,1.0751,0.3539,2.3734,7.3048,1.0213,0.0038,0.0596,0.0404,0.275,0.0539,1.1213,1.2309,0.0808,1.2482,0.0808,2.5561,0.0962,0.0096,0.0654,1.0771,0.3135,1.4367,0.15,0.0789,0.7597,0.0077,0.2539,0.0115,2.056,2.0118,0.0558,1.4329,0.4808,0.0346,1.5733,0.0462,0.0077,1.5175,0.0192,0.0212,0.0154,0.1923,2.5215,0.0077,0.1116,0.0038,0.0038,0.0885,0.0481,0.075
2025-11-12 18:03:06,0.0077,0.0096,0.0019,0.0058,1.1536,1.2706,1.167,0.4818,0.0173,9.8042,0.0173,1.7754,0.5701,0.0096,0.19,4.3724,0.0461,0.0173,0.0211,0.1113,1.3781,1.4568,2.906,1.5182,0.0384,1.8752,0.2687,0.4031,1.1977,2.6276,0.215,0.0154,0.2802,0.023,0.595,0.0154,0.0211,0.2917,0.0691,0.2342,0.0077,0.0038,3.501,2.0806,0.0019,0.0077,0.1267,0.0077,0.0384,1.3205,0.0173,0.023,0.2284,0.0038,0.4319,1.4626,1.0441,1.2841,0.0902,0.4146,0.0345,0.0019,1.6276,0.8752,0.0825,1.4031,0.0288,0.0825,1.4587,2.1651,0.0115,1.3205,2.7927,0.5048,0.1171,1.0576,1.7774,0.0,0.6065,0.0019,1.0749,0.3532,2.3743,7.3033,1.0211,0.0038,0.0595,0.0403,0.2764,0.0557,1.1209,1.2322,0.0825,1.2476,0.0806,2.5566,0.0979,0.0096,0.0653,1.0768,0.3148,1.4357,0.1497,0.0787,0.7601,0.0077,0.2553,0.0115,2.0557,2.0115,0.0576,1.4319,0.4798,0.0345,1.5739,0.0461,0.0077,1.5182,0.0211,0.023,0.0154,0.1919,2.5202,0.0077,0.1113,0.0038,0.0038,0.0883,0.048,0.0768
2025-11-12 19:01:06,0.0077,0.0096,0.0019,0.0057,1.1537,1.2706,1.1671,0.483,0.0172,9.8047,0.0172,1.7766,0.5711,0.0096,0.1897,4.3715,0.046,0.0172,0.0211,0.1112,1.3779,1.4565,2.9054,1.5198,0.0383,1.8762,0.2683,0.4025,1.1978,2.6256,0.2146,0.0153,0.2798,0.023,0.5941,0.0153,0.0211,0.2913,0.0709,0.2338,0.0077,0.0038,3.5014,2.0813,0.0019,0.0077,0.1265,0.0077,0.0383,1.3205,0.0172,0.023,0.2281,0.0038,0.4312,1.4623,1.0445,1.284,0.0901,0.4159,0.0345,0.0019,1.6271,0.8758,0.0843,1.4029,0.0287,0.0824,1.4584,2.1656,0.0115,1.3205,2.7923,0.506,0.1169,1.0579,1.7766,0.0,0.6056,0.0019,1.0751,0.3545,2.3726,7.3037,1.0215,0.0038,0.0594,0.0402,0.276,0.0556,1.1211,1.2323,0.0824,1.2476,0.0805,2.5566,0.0977,0.0096,0.0652,1.0771,0.3143,1.4354,0.1495,0.0786,0.7608,0.0077,0.2549,0.0115,2.0564,2.0104,0.0575,1.4316,0.481,0.0345,1.5734,0.046,0.0077,1.5179,0.0211,0.023,0.0153,0.1916,2.5202,0.0077,0.1112,0.0038,0.0038,0.0882,0.0479,0.0767
2025-11-12 20:00:32,0.0077,0.0096,0.0019,0.0058,1.1544,1.2699,1.1679,0.4829,0.0173,9.8049,0.0173,1.7759,0.5714,0.0096,0.1905,4.3733,0.0462,0.0173,0.0212,0.1116,1.3776,1.4565,2.9053,1.52,0.0366,1.8759,0.2674,0.404,1.1968,2.6282,0.2155,0.0154,0.2809,0.0231,0.5945,0.0154,0.0212,0.2905,0.0693,0.2347,0.0077,0.0038,3.5018,2.0818,0.0019,0.0077,0.127,0.0077,0.0385,1.3199,0.0173,0.0231,0.227,0.0038,0.431,1.4623,1.0428,1.2853,0.0904,0.4156,0.0327,0.0019,1.6277,0.8754,0.0827,1.4026,0.0289,0.0827,1.4584,2.1665,0.0115,1.3218,2.7937,0.506,0.1174,1.0563,1.7778,0.0,0.6061,0.0019,1.0755,0.354,2.3743,7.3037,1.0217,0.0038,0.0596,0.0404,0.2751,0.0539,1.1217,1.2314,0.0808,1.2468,0.0808,2.557,0.0962,0.0096,0.0654,1.0775,0.3136,1.4353,0.1501,0.0789,0.76,0.0077,0.254,0.0115,2.0568,2.0106,0.0558,1.4334,0.481,0.0346,1.5739,0.0462,0.0077,1.5181,0.0192,0.0212,0.0154,0.1924,2.5205,0.0077,0.1116,0.0038,0.0038,0.0885,0.0481,0.075
2025-11-12 21:00:25,0.0075,0.0094,0.0038,0.0057,1.1545,1.2696,1.1677,0.4829,0.017,9.804,0.0189,1.7771,0.5716,0.0094,0.1905,4.3728,0.0472,0.017,0.0208,0.1113,1.379,1.4564,2.9052,1.5186,0.0377,1.8752,0.2679,0.4037,1.1979,2.6279,0.2151,0.0151,0.2811,0.0226,0.5942,0.0151,0.0208,0.2905,0.0698,0.2339,0.0075,0.0038,3.5013,2.0808,0.0019,0.0094,0.1264,0.0075,0.0377,1.3205,0.017,0.0226,0.2283,0.0038,0.432,1.462,1.0432,1.2828,0.0906,0.415,0.034,0.0019,1.6261,0.8753,0.083,1.4016,0.0283,0.083,1.4582,2.1657,0.0113,1.3205,2.7939,0.5056,0.117,1.0564,1.7771,0.0,0.6056,0.0019,1.0753,0.3547,2.3732,7.3044,1.0225,0.0038,0.0604,0.0396,0.2754,0.0547,1.1206,1.2319,0.0811,1.247,0.0811,2.5562,0.0962,0.0113,0.066,1.0772,0.315,1.4356,0.149,0.0792,0.7602,0.0075,0.2547,0.0113,2.0563,2.011,0.0566,1.4318,0.4811,0.0358,1.5733,0.0472,0.0075,1.5186,0.0208,0.0226,0.0151,0.1924,2.5203,0.0075,0.1113,0.0038,0.0038,0.0887,0.0472,0.0755
2025-11-12 22:01:09,0.0075,0.0094,0.0038,0.0056,1.154,1.2705,1.169,0.4811,0.0169,9.8068,0.0188,1.776,0.5713,0.0094,0.1898,4.3734,0.047,0.0169,0.0207,0.1109,1.3814,1.4565,2.9056,1.5204,0.0376,1.8757,0.2688,0.4022,1.1972,2.6368,0.2143,0.015,0.28,0.0226,0.5939,0.015,0.0226,0.2913,0.0695,0.2368,0.0075,0.0038,3.5108,2.0824,0.0019,0.0094,0.1278,0.0075,0.0395,1.3194,0.0169,0.0226,0.2274,0.0038,0.4304,1.4622,1.0431,1.2855,0.0902,0.4154,0.0338,0.0019,1.6276,0.8796,0.0827,1.402,0.0282,0.0827,1.4584,2.167,0.0113,1.3212,2.7928,0.5056,0.1165,1.0581,1.7779,0.0,0.6071,0.0019,1.075,0.3533,2.3737,7.3053,1.0205,0.0038,0.0601,0.0395,0.2763,0.0545,1.122,1.2385,0.0808,1.2479,0.0808,2.556,0.0977,0.0113,0.0658,1.0769,0.3139,1.4359,0.1504,0.0789,0.7649,0.0075,0.2556,0.0113,2.0561,2.011,0.0564,1.4321,0.4811,0.0357,1.5731,0.047,0.0075,1.5167,0.0207,0.0226,0.015,0.1917,2.5203,0.0075,0.1109,0.0038,0.0038,0.0883,0.0,0.0752
2025-11-12 23:01:42,0.0075,0.0094,0.0038,0.0056,1.1542,1.2707,1.1673,0.4812,0.0169,9.8028,0.0188,1.7763,0.5696,0.0094,0.1899,4.3723,0.047,0.0169,0.0207,0.1109,1.3835,1.4568,2.9061,1.5188,0.0376,1.876,0.2688,0.4023,1.1974,2.6429,0.2143,0.015,0.2801,0.0226,0.594,0.015,0.0226,0.2914,0.0696,0.2368,0.0075,0.0038,3.517,2.0809,0.0019,0.0094,0.1278,0.0094,0.0395,1.3196,0.0169,0.0226,0.2274,0.0038,0.4305,1.4624,1.0433,1.2839,0.0902,0.4117,0.0338,0.0019,1.626,0.8835,0.0827,1.4023,0.0282,0.0827,1.4587,2.1655,0.0113,1.3215,2.7933,0.5056,0.1165,1.0564,1.7763,0.0,0.6053,0.0019,1.0752,0.3534,2.3741,7.3028,1.0207,0.0038,0.0602,0.0395,0.2763,0.0545,1.1203,1.2425,0.0808,1.2463,0.0808,2.5564,0.0977,0.0113,0.0658,1.0771,0.3139,1.4361,0.1504,0.0789,0.7669,0.0075,0.2538,0.0113,2.0564,2.0113,0.0564,1.4324,0.4793,0.0357,1.5733,0.047,0.0075,1.5169,0.0207,0.0226,0.015,0.1917,2.5207,0.0075,0.1109,0.0038,0.0038,0.0883,0.0,0.0752
