timestamp,.s1ec.wam,1d5fu.wam,1hhi.wam,23.vm.wam,2frba.wam,2tmay.wam,35kos.c.wam,3xasq.wam,5flre.wam,5j1xs.wam,5smug.wam,advobrovivek,afkow.c.wam,afyfc.wam,b3dms.c.wam,bd2si.wam,bg5t.wam,byxxo.wam,cakhm.wam,cebastion42a,chfaa.c.wam,cmzec.wam,colonyonmars,dgawu.wam,di2e2.wam,dkid2.wam,dvth4.wam,eu5b.wam,f3ira.wam,f4x3niftyacc,gamerscorner,goyrc.wam,grdx2.wam,gwvcg.wam,h2rbi.wam,h4tb.wam,hh2qw.wam,hl.ba.wam,ilgvg.wam,innsc.wam,izngs.wam,jbdds.wam,jgyra.wam,juicymeloon3,k1kaw.wam,krakenslappu,l.cb4.wam,lagh2.wam,m2txc.wam,mango1anchor,mcwra.wam,merqy.wam,mfacc5432111,n5f4u.c.wam,nathan4naron,nrqk2.c.wam,o1lra.wam,o3.qy.wam,owfqy.wam,p34r.wam,palb.wam,pdzmitryblr1,pfbqw.wam,pfwsc.wam,pyprg.wam,qm3r2.wam,qz5vu.wam,r2t.e.wam,rde12.c.wam,rhcqu.wam,rjvbg.wam,rm2.k.wam,rp5qy.wam,rwjb4.wam,sc3ha.wam,shemohoeneee,ss4uk.wam,st.vw.wam,szkg2.wam,thefoxslayer,tuyt.wam,u53gu.wam,vr2ng.c.wam,wdqbc.wam,wirawantegar,wzbvk.wam,xoehi.wam,xwfaw.wam,yeqbo.wam,ztvf.wam,zuqgg.wam,zzeba.wam
2025-11-10 22:00:03,0.1055,0.1406,0.2813,0.1055,0.0117,0.2344,1.6878,0.3047,0.1992,2.8833,0.1289,0.1406,1.6409,0.2813,0.4923,1.383,1.301,2.0277,0.0352,0.0117,2.1331,0.1055,2.8364,0.797,0.0938,0.0117,0.0117,1.1603,1.5471,0.082,0.3399,0.7736,0.0117,0.0117,7.3371,0.9962,1.0197,0.0469,0.0117,0.0117,0.0234,0.211,0.0586,0.8439,0.0586,1.4299,0.1172,2.391,1.2658,1.1721,0.0234,1.7581,1.383,1.2072,0.0117,1.2072,0.0117,0.2579,1.5002,0.6212,0.0586,2.098,1.3479,0.1172,0.2696,0.7384,0.082,0.1992,1.3947,0.0234,31.5166,0.0117,0.0234,1.4416,0.0703,0.0469,0.0117,0.1758,0.1524,1.5823,0.0234,1.3947,1.3713,1.4299,0.082,1.5237,0.0234,0.0352,4.3132,0.0117,0.082,0.0586
2025-11-10 23:00:05,0.1063,0.1418,0.2717,0.1063,0.0118,0.2363,1.6775,0.3071,0.2008,2.8825,0.1299,0.1299,1.6302,0.2835,0.4962,1.3822,1.2995,2.0319,0.0354,0.0118,2.1382,0.1063,2.8352,0.7915,0.0945,0.0118,0.0118,1.1577,1.5475,0.0827,0.3426,0.7797,0.0118,0.0118,7.3361,0.9923,1.0159,0.0473,0.0118,0.0118,0.0236,0.2008,0.0591,0.8506,0.0591,1.4294,0.1181,2.3981,1.264,1.1695,0.0236,1.7602,1.394,1.2168,0.0118,1.2168,0.0118,0.2599,1.5003,0.6143,0.0591,2.1028,1.3467,0.1181,0.2717,0.7442,0.0827,0.189,1.394,0.0236,31.518,0.0118,0.0236,1.4412,0.0709,0.0473,0.0118,0.1772,0.1536,1.5712,0.0236,1.394,1.3703,1.4294,0.0827,1.5239,0.0236,0.0354,4.3119,0.0118,0.0827,0.0591
2025-11-11 00:00:06,0.1072,0.1429,0.2738,0.1072,0.0119,0.2381,1.6788,0.2977,0.2024,2.8813,0.131,0.131,1.6311,0.2857,0.4882,1.3811,1.2978,2.0241,0.0357,0.0119,2.1312,0.1072,2.8337,0.7977,0.0952,0.0119,0.0119,1.1549,1.5478,0.0714,0.3334,0.7739,0.0119,0.0119,7.3342,1.0001,1.0239,0.0476,0.0119,0.0119,0.0238,0.2024,0.0595,0.8453,0.0595,1.4287,0.1191,2.3931,1.2621,1.1787,0.0238,1.7621,1.393,1.2144,0.0119,1.2144,0.0119,0.2619,1.5002,0.6191,0.0595,2.0955,1.3454,0.1191,0.2738,0.7382,0.0833,0.1905,1.393,0.0238,31.5395,0.0119,0.0238,1.4406,0.0714,0.0476,0.0119,0.1786,0.1548,1.5835,0.0238,1.393,1.3811,1.4287,0.0833,1.524,0.0238,0.0357,4.31,0.0119,0.0833,0.0476
2025-11-11 01:00:02,0.1078,0.1437,0.2754,0.1078,0.012,0.2395,1.6884,0.2994,0.2036,2.8739,0.1317,0.1317,1.6405,0.2874,0.491,1.3891,1.2933,2.0237,0.0359,0.012,2.1315,0.1078,2.838,0.7903,0.0958,0.012,0.012,1.1615,1.5567,0.0718,0.3353,0.7783,0.012,0.012,7.3285,0.9939,1.0178,0.0479,0.012,0.012,0.0239,0.2036,0.0599,0.8502,0.0599,1.425,0.1197,2.3949,1.2573,1.1735,0.0239,1.7603,1.3891,1.2094,0.012,1.2094,0.012,0.2634,1.4968,0.6227,0.0599,2.0956,1.3531,0.1197,0.2754,0.7424,0.0838,0.1916,1.3891,0.0239,31.5172,0.012,0.0239,1.4489,0.0718,0.0479,0.012,0.1796,0.1557,1.5806,0.0239,1.3891,1.3771,1.425,0.0838,1.5208,0.0239,0.0359,4.3109,0.012,0.0838,0.0479
2025-11-11 02:00:06,0.1068,0.1423,0.2728,0.1068,0.0119,0.2372,1.6845,0.2966,0.2017,2.8826,0.1305,0.1305,1.637,0.2847,0.4982,1.3879,1.293,2.0285,0.0356,0.0119,2.1352,0.1068,2.8351,0.7948,0.0949,0.0119,0.0119,1.1625,1.554,0.083,0.344,0.7711,0.0119,0.0119,7.331,0.9964,1.0202,0.0474,0.0119,0.0119,0.0237,0.2017,0.0593,0.8422,0.0593,1.4235,0.1186,2.3962,1.2574,1.1744,0.0237,1.7675,1.3879,1.21,0.0119,1.21,0.0119,0.261,1.4947,0.6168,0.0593,2.0996,1.3523,0.1186,0.2728,0.7473,0.083,0.1898,1.3879,0.0237,31.5302,0.0119,0.0237,1.4472,0.0712,0.0474,0.0119,0.1779,0.1542,1.5777,0.0237,1.3879,1.376,1.4353,0.083,1.5184,0.0237,0.0356,4.306,0.0119,0.083,0.0474
2025-11-11 03:00:02,0.105,0.14,0.28,0.105,0.0117,0.2334,1.6803,0.3034,0.21,2.8821,0.1284,0.14,1.6336,0.28,0.4901,1.3886,1.2952,2.0303,0.035,0.0117,2.1354,0.105,2.8355,0.7935,0.0933,0.0117,0.0117,1.1552,1.5403,0.0817,0.3384,0.7701,0.0117,0.0117,7.3279,0.9918,1.0268,0.0467,0.0117,0.0117,0.0233,0.21,0.0583,0.8518,0.0583,1.4236,0.1167,2.3921,1.2602,1.1785,0.0233,1.762,1.3886,1.2135,0.0117,1.2135,0.0117,0.2684,1.4936,0.6184,0.0583,2.1004,1.3536,0.1167,0.2684,0.7468,0.0817,0.1984,1.3886,0.0233,31.5286,0.0117,0.0233,1.4469,0.07,0.0467,0.0117,0.175,0.1517,1.5753,0.0233,1.3886,1.3769,1.4352,0.0933,1.5169,0.0233,0.035,4.3057,0.0117,0.0817,0.0583
2025-11-11 04:00:01,0.1051,0.1401,0.2802,0.1051,0.0117,0.2335,1.6813,0.3036,0.2102,2.8838,0.1284,0.1401,1.6346,0.2802,0.4904,1.3894,1.296,2.0315,0.035,0.0117,2.1366,0.1051,2.8371,0.7939,0.0934,0.0117,0.0117,1.1559,1.5412,0.0817,0.3386,0.7706,0.0117,0.0117,7.3322,0.9924,1.0274,0.0467,0.0117,0.0117,0.0234,0.2102,0.0584,0.8523,0.0584,1.4244,0.1168,2.3935,1.2609,1.1792,0.0234,1.763,1.3894,1.2142,0.0117,1.2142,0.0117,0.2569,1.4945,0.6188,0.0584,2.1016,1.3543,0.1168,0.2685,0.7472,0.0817,0.1985,1.3894,0.0234,31.512,0.0117,0.0234,1.4478,0.0701,0.0467,0.0117,0.1751,0.1518,1.5762,0.0234,1.3894,1.3777,1.4244,0.0934,1.5178,0.0234,0.035,4.3082,0.0117,0.0817,0.0584
2025-11-11 05:00:03,0.1054,0.1406,0.2812,0.1054,0.0117,0.2343,1.6872,0.3046,0.1992,2.8822,0.1289,0.1406,1.6403,0.2812,0.4921,1.3825,1.3005,2.0269,0.0351,0.0117,2.1324,0.1054,2.8354,0.7967,0.0937,0.0117,0.0117,1.1599,1.5466,0.082,0.3398,0.7733,0.0117,0.0117,7.3345,0.9959,1.0193,0.0469,0.0117,0.0117,0.0234,0.2109,0.0586,0.8436,0.0586,1.4294,0.1172,2.4019,1.2654,1.1716,0.0234,1.7575,1.3825,1.2185,0.0117,1.2068,0.0117,0.2578,1.4997,0.621,0.0586,2.0972,1.3474,0.1172,0.2695,0.7381,0.082,0.1992,1.3943,0.0234,31.5173,0.0117,0.0234,1.4411,0.0703,0.0469,0.0117,0.1757,0.1523,1.5817,0.0234,1.3943,1.3708,1.4294,0.082,1.5231,0.0234,0.0351,4.3117,0.0117,0.082,0.0586
2025-11-11 06:00:02,0.1055,0.1407,0.2814,0.1055,0.0117,0.2345,1.6884,0.3048,0.1993,2.8843,0.129,0.1407,1.6415,0.2814,0.4924,1.3835,1.3014,2.0284,0.0352,0.0117,2.1339,0.1055,2.8374,0.7856,0.0938,0.0117,0.0117,1.1607,1.5477,0.0821,0.34,0.7738,0.0117,0.0117,7.3279,0.9966,1.02,0.0469,0.0117,0.0117,0.0234,0.211,0.0586,0.8442,0.0586,1.4304,0.1172,2.3918,1.2663,1.1725,0.0234,1.7587,1.3835,1.2076,0.0117,1.2076,0.0117,0.2579,1.5008,0.6214,0.0586,2.0987,1.3483,0.1172,0.2697,0.7387,0.0821,0.1993,1.3952,0.0234,31.5277,0.0117,0.0234,1.4421,0.0703,0.0469,0.0117,0.1759,0.1524,1.5711,0.0234,1.3952,1.3718,1.4304,0.0821,1.5242,0.0234,0.0352,4.3147,0.0117,0.0821,0.0586
2025-11-11 07:00:06,0.1062,0.1415,0.2713,0.1062,0.0118,0.2359,1.6867,0.3067,0.2005,2.878,0.1297,0.1297,1.6395,0.2831,0.4954,1.38,1.2975,2.0288,0.0354,0.0118,2.1349,0.1062,2.8309,0.7903,0.0944,0.0118,0.0118,1.1559,1.5452,0.0826,0.3421,0.7785,0.0118,0.0118,7.3366,0.9908,1.0262,0.0472,0.0118,0.0118,0.0236,0.2005,0.059,0.8493,0.059,1.4272,0.118,2.3944,1.2621,1.1795,0.0236,1.7693,1.3918,1.2149,0.0118,1.2149,0.0118,0.2595,1.498,0.6134,0.059,2.0996,1.3447,0.118,0.2713,0.7431,0.0826,0.1887,1.3918,0.0236,31.5287,0.0118,0.0236,1.439,0.0708,0.0472,0.0118,0.1769,0.1533,1.5806,0.0236,1.3918,1.38,1.4272,0.0826,1.5216,0.0236,0.0354,4.3053,0.0118,0.0826,0.059
2025-11-11 08:00:02,0.105,0.14,0.28,0.105,0.0117,0.2333,1.6799,0.3033,0.21,2.8815,0.1283,0.14,1.6332,0.28,0.49,1.3882,1.2949,2.0299,0.035,0.0117,2.1349,0.105,2.8348,0.7933,0.0933,0.0117,0.0117,1.1549,1.5399,0.0817,0.3383,0.7699,0.0117,0.0117,7.3378,0.9916,1.0266,0.0467,0.0117,0.0117,0.0233,0.21,0.0583,0.8516,0.0583,1.4232,0.1167,2.3915,1.2599,1.1783,0.0233,1.7615,1.3882,1.2133,0.0117,1.2133,0.0117,0.2683,1.4932,0.6183,0.0583,2.0999,1.3532,0.1167,0.2683,0.7466,0.0817,0.1983,1.3882,0.0233,31.5329,0.0117,0.0233,1.4466,0.07,0.0467,0.0117,0.175,0.1517,1.5749,0.0233,1.3882,1.3766,1.4349,0.0933,1.5166,0.0233,0.035,4.3047,0.0117,0.0817,0.0583
2025-11-11 09:00:02,0.1139,0.1367,0.2734,0.1025,0.0114,0.2393,1.6862,0.2962,0.2051,2.8825,0.1367,0.1367,1.6407,0.2848,0.4899,1.3786,1.2988,2.028,0.0342,0.0114,2.1306,0.1025,2.837,0.7861,0.1025,0.0114,0.0114,1.1621,1.5495,0.0798,0.3418,0.7748,0.0114,0.0114,7.326,0.9912,1.0254,0.0456,0.0114,0.0114,0.0228,0.2051,0.057,0.8431,0.057,1.4242,0.1253,2.3926,1.2647,1.1735,0.0228,1.766,1.39,1.2077,0.0114,1.2077,0.0114,0.262,1.4925,0.6152,0.057,2.0964,1.3444,0.1139,0.2734,0.7406,0.0911,0.1937,1.39,0.0228,31.5256,0.0114,0.0342,1.447,0.0684,0.0456,0.0114,0.1823,0.1595,1.5723,0.0228,1.39,1.3786,1.4356,0.0911,1.5153,0.0228,0.0456,4.3067,0.0114,0.0798,0.057
2025-11-11 10:00:05,0.1117,0.134,0.2791,0.1005,0.0112,0.2345,1.686,0.3015,0.201,2.8808,0.134,0.134,1.6302,0.2791,0.4913,1.3845,1.2952,2.0322,0.0335,0.0223,2.1326,0.1005,2.8361,0.7928,0.1005,0.0112,0.0112,1.1612,1.552,0.0782,0.335,0.7704,0.0112,0.0112,7.3359,0.9937,1.0272,0.0447,0.0112,0.0112,0.0223,0.201,0.0558,0.8486,0.0558,1.4292,0.1228,2.4006,1.2617,1.1724,0.0223,1.7642,1.3845,1.2171,0.0112,1.2171,0.0112,0.268,1.4962,0.6141,0.0558,2.0992,1.351,0.1117,0.268,0.7369,0.0893,0.1898,1.3845,0.0223,31.5319,0.0112,0.0335,1.4404,0.0782,0.0447,0.0112,0.1787,0.1563,1.5744,0.0223,1.3957,1.3734,1.4292,0.0893,1.5185,0.0223,0.0447,4.31,0.0112,0.0782,0.0558
2025-11-11 11:00:01,0.112,0.1344,0.28,0.1008,0.0112,0.2352,1.6797,0.3024,0.2016,2.8779,0.1344,0.1344,1.6349,0.28,0.4927,1.3886,1.299,2.0269,0.0336,0.0224,2.1389,0.1008,2.8331,0.7951,0.1008,0.0112,0.0112,1.1534,1.5566,0.0784,0.3359,0.7727,0.0112,0.0112,7.3348,0.9966,1.019,0.0448,0.0112,0.0112,0.0224,0.2016,0.056,0.8511,0.056,1.4222,0.1232,2.3964,1.2654,1.1758,0.0224,1.7581,1.3886,1.2094,0.0112,1.2094,0.0112,0.2576,1.5006,0.6159,0.056,2.0941,1.355,0.112,0.2688,0.7391,0.0896,0.1904,1.3886,0.0224,31.523,0.0112,0.0336,1.4446,0.0784,0.0448,0.0112,0.1792,0.1568,1.5789,0.0224,1.3886,1.3774,1.4334,0.0896,1.523,0.0224,0.0448,4.3113,0.0112,0.0784,0.056
2025-11-11 12:00:02,0.1126,0.1351,0.2815,0.1013,0.0113,0.2364,1.6776,0.304,0.2027,2.8822,0.1351,0.1351,1.6325,0.2815,0.4954,1.3848,1.2948,2.0266,0.0338,0.0225,2.1392,0.1013,2.8372,0.7881,0.1013,0.0113,0.0113,1.1596,1.5424,0.0788,0.3378,0.7769,0.0113,0.0113,7.3294,0.9908,1.0245,0.045,0.0113,0.0113,0.0225,0.2027,0.0563,0.8444,0.0563,1.4299,0.1238,2.3981,1.261,1.1709,0.0225,1.7676,1.3848,1.2159,0.0113,1.2159,0.0113,0.259,1.4974,0.6192,0.0563,2.0941,1.351,0.1126,0.2702,0.7431,0.0901,0.1914,1.3848,0.0225,31.5244,0.0113,0.0338,1.4411,0.0676,0.045,0.0113,0.1801,0.1576,1.5762,0.0225,1.3961,1.3736,1.4299,0.0901,1.5199,0.0225,0.045,4.3121,0.0113,0.0788,0.0563
2025-11-11 13:00:06,0.1047,0.1396,0.2791,0.1047,0.0116,0.2326,1.6862,0.3024,0.2093,2.8841,0.1279,0.1396,1.6397,0.2791,0.4884,1.3839,1.2908,2.0235,0.0349,0.0116,2.1398,0.1047,2.8375,0.7908,0.093,0.0116,0.0116,1.1629,1.5583,0.0814,0.3372,0.7792,0.0116,0.0116,7.3264,1.0001,1.0234,0.0465,0.0116,0.0116,0.0233,0.2093,0.0581,0.8489,0.0581,1.4304,0.1163,2.3956,1.256,1.1746,0.0233,1.7676,1.3839,1.2094,0.0116,1.2094,0.0116,0.2675,1.5002,0.6164,0.0581,2.0933,1.349,0.1163,0.2675,0.7443,0.0814,0.1977,1.3839,0.0233,31.5153,0.0116,0.0233,1.442,0.0698,0.0465,0.0116,0.1744,0.1512,1.5816,0.0233,1.3955,1.3723,1.4304,0.093,1.5234,0.0233,0.0465,4.3028,0.0116,0.0814,0.0581
2025-11-11 14:00:06,0.1064,0.1418,0.2718,0.1064,0.0118,0.2364,1.6781,0.3073,0.2009,2.8835,0.13,0.13,1.6308,0.2836,0.4963,1.3827,1.2999,2.0208,0.0355,0.0118,2.139,0.1064,2.8362,0.7918,0.0945,0.0118,0.0118,1.1581,1.5481,0.0827,0.3427,0.78,0.0118,0.0118,7.3269,0.9927,1.0163,0.0473,0.0118,0.0118,0.0236,0.2009,0.0591,0.8509,0.0591,1.4299,0.1182,2.399,1.2645,1.1699,0.0236,1.7608,1.3827,1.2172,0.0118,1.2172,0.0118,0.26,1.5008,0.6145,0.0591,2.1035,1.3472,0.1182,0.2718,0.7445,0.0827,0.1891,1.3945,0.0236,31.5292,0.0118,0.0236,1.4417,0.0709,0.0473,0.0118,0.1773,0.1536,1.5717,0.0236,1.3945,1.3708,1.4299,0.0827,1.5245,0.0236,0.0355,4.3134,0.0118,0.0827,0.0591
2025-11-11 15:00:02,0.1072,0.1429,0.2739,0.1072,0.0119,0.2382,1.6792,0.2977,0.2025,2.882,0.131,0.131,1.6315,0.2858,0.4883,1.3814,1.2981,2.0245,0.0357,0.0119,2.1317,0.1072,2.8343,0.786,0.0953,0.0119,0.0119,1.1552,1.5482,0.0715,0.3335,0.7741,0.0119,0.0119,7.336,1.0004,1.0242,0.0476,0.0119,0.0119,0.0238,0.2025,0.0595,0.8455,0.0595,1.4291,0.1191,2.3937,1.2624,1.179,0.0238,1.7625,1.3934,1.2147,0.0119,1.2147,0.0119,0.262,1.5005,0.6193,0.0595,2.096,1.3457,0.1191,0.2739,0.7384,0.0834,0.1905,1.3934,0.0238,31.547,0.0119,0.0238,1.441,0.0715,0.0476,0.0119,0.1786,0.1548,1.572,0.0238,1.3934,1.3814,1.4291,0.0834,1.5244,0.0238,0.0357,4.3111,0.0119,0.0834,0.0476
2025-11-11 16:00:06,0.1071,0.1429,0.2738,0.1071,0.0119,0.2381,1.6786,0.2976,0.2024,2.881,0.131,0.131,1.631,0.2857,0.4881,1.381,1.2976,2.0238,0.0357,0.0119,2.131,0.1071,2.8333,0.7976,0.0952,0.0119,0.0119,1.1548,1.5476,0.0714,0.3333,0.7738,0.0119,0.0119,7.3333,1.0,1.0238,0.0476,0.0119,0.0119,0.0238,0.2024,0.0595,0.8452,0.0595,1.4286,0.119,2.3929,1.2619,1.1786,0.0238,1.7619,1.3929,1.2143,0.0119,1.2143,0.0119,0.2619,1.5,0.619,0.0595,2.0952,1.3452,0.119,0.2738,0.7381,0.0833,0.1905,1.3929,0.0238,31.5476,0.0119,0.0238,1.4405,0.0714,0.0476,0.0119,0.1786,0.1548,1.5833,0.0238,1.3929,1.381,1.4286,0.0833,1.5238,0.0238,0.0357,4.3095,0.0119,0.0833,0.0476
2025-11-11 17:00:05,0.1038,0.1384,0.2767,0.1038,0.0115,0.2306,1.6834,0.2998,0.2075,2.8825,0.1384,0.1384,1.6373,0.2883,0.4958,1.3836,1.2914,2.0293,0.0346,0.0115,2.1331,0.1038,2.8364,0.7956,0.1038,0.0115,0.0115,1.153,1.5566,0.0807,0.3344,0.7725,0.0115,0.0115,7.3331,0.9916,1.0262,0.0461,0.0115,0.0115,0.0231,0.2075,0.0577,0.8417,0.0577,1.4297,0.1268,2.3982,1.2568,1.1761,0.0231,1.7641,1.3836,1.2107,0.0115,1.2107,0.0115,0.2652,1.4989,0.6226,0.0577,2.0985,1.349,0.1153,0.2652,0.7379,0.0922,0.196,1.3836,0.0231,31.5001,0.0115,0.0231,1.4413,0.0692,0.0461,0.0115,0.173,0.1614,1.5796,0.0231,1.3951,1.3721,1.4297,0.0922,1.522,0.0231,0.0461,4.3122,0.0115,0.0807,0.0577
2025-11-11 18:00:01,0.1043,0.139,0.2781,0.1043,0.0116,0.2317,1.68,0.3012,0.2086,2.8849,0.1274,0.139,1.6336,0.2781,0.4982,1.3788,1.2976,2.0276,0.0348,0.0116,2.1319,0.1043,2.8386,0.7879,0.0927,0.0116,0.0116,1.1586,1.5525,0.0811,0.336,0.7763,0.0116,0.0116,7.334,0.9964,1.0196,0.0463,0.0116,0.0116,0.0232,0.197,0.0579,0.8458,0.0579,1.4251,0.1274,2.3983,1.2629,1.1702,0.0232,1.7611,1.3903,1.2165,0.0116,1.2165,0.0116,0.2665,1.4946,0.6141,0.0579,2.0971,1.3556,0.1159,0.2665,0.7415,0.0927,0.197,1.3903,0.0232,31.5259,0.0116,0.0232,1.4483,0.0695,0.0463,0.0116,0.1738,0.1506,1.5757,0.0232,1.3903,1.3788,1.4251,0.0927,1.5178,0.0232,0.0463,4.31,0.0116,0.0811,0.0579
2025-11-11 19:00:03,0.1051,0.1402,0.2803,0.1051,0.0117,0.2336,1.6819,0.3037,0.2102,2.8848,0.1285,0.1402,1.6351,0.2803,0.4905,1.3899,1.2964,2.0322,0.035,0.0117,2.1374,0.1051,2.8381,0.7942,0.0934,0.0117,0.0117,1.1563,1.5417,0.0818,0.3387,0.7708,0.0117,0.0117,7.3347,0.9928,1.0161,0.0467,0.0117,0.0117,0.0234,0.1986,0.0584,0.8526,0.0584,1.4249,0.1168,2.3943,1.2614,1.1796,0.0234,1.7636,1.3899,1.2147,0.0117,1.2147,0.0117,0.2569,1.495,0.619,0.0584,2.1023,1.3548,0.1168,0.2686,0.7358,0.0818,0.1986,1.3899,0.0234,31.523,0.0117,0.0234,1.4483,0.0701,0.0467,0.0117,0.1752,0.1518,1.5767,0.0234,1.3899,1.3782,1.4249,0.0934,1.5183,0.0234,0.035,4.3097,0.0117,0.0818,0.0584
2025-11-11 20:00:05,0.1061,0.1415,0.2711,0.1061,0.0118,0.2358,1.6857,0.3065,0.2004,2.8763,0.1297,0.1297,1.6386,0.2829,0.4951,1.3792,1.2967,2.0276,0.0354,0.0118,2.1337,0.1061,2.8292,0.7898,0.0943,0.0118,0.0118,1.1553,1.5443,0.0825,0.3419,0.778,0.0118,0.0118,7.3323,0.9902,1.0256,0.0472,0.0118,0.0118,0.0236,0.1886,0.0589,0.8488,0.0589,1.4264,0.1179,2.393,1.2613,1.1788,0.0236,1.7682,1.391,1.2142,0.0118,1.2142,0.0118,0.2593,1.4971,0.6248,0.0589,2.0983,1.3557,0.1179,0.2711,0.7427,0.0825,0.1886,1.391,0.0236,31.5337,0.0118,0.0236,1.45,0.0707,0.0472,0.0118,0.1768,0.1532,1.5796,0.0236,1.391,1.3792,1.4264,0.0825,1.5207,0.0236,0.0354,4.3145,0.0118,0.0825,0.0589
2025-11-11 21:00:06,0.1044,0.1391,0.2783,0.1044,0.0116,0.2319,1.6814,0.3015,0.2087,2.8757,0.1276,0.1391,1.635,0.2783,0.4986,1.3799,1.2987,2.0292,0.0348,0.0116,2.1336,0.1044,2.8293,0.7885,0.0928,0.0116,0.0116,1.1596,1.5538,0.0812,0.3363,0.7769,0.0116,0.0116,7.3284,0.9972,1.0204,0.0464,0.0116,0.0116,0.0232,0.1971,0.058,0.8465,0.058,1.4263,0.1276,2.4003,1.2639,1.1712,0.0232,1.7625,1.3915,1.2175,0.0116,1.2175,0.0116,0.2667,1.4958,0.6146,0.058,2.0988,1.3451,0.116,0.2667,0.7421,0.0928,0.1971,1.3915,0.0232,31.5167,0.0116,0.0232,1.4494,0.0696,0.0464,0.0116,0.1739,0.1507,1.577,0.0232,1.3915,1.3799,1.4263,0.0928,1.519,0.0232,0.0464,4.3135,0.0116,0.0812,0.058
2025-11-11 22:00:04,0.1058,0.1411,0.2822,0.1058,0.0118,0.2352,1.6814,0.3057,0.1999,2.8807,0.1293,0.1293,1.6343,0.2822,0.4938,1.3874,1.2934,2.0223,0.0353,0.0118,2.1399,0.1058,2.8336,0.7878,0.0941,0.0118,0.0118,1.164,1.552,0.0823,0.341,0.776,0.0118,0.0118,7.3369,0.9994,1.0229,0.047,0.0118,0.0118,0.0235,0.1881,0.0588,0.8466,0.0588,1.4345,0.1176,2.3986,1.2581,1.1758,0.0235,1.7637,1.3874,1.2111,0.0118,1.2111,0.0118,0.2587,1.4932,0.6232,0.0588,2.1046,1.3521,0.1176,0.2704,0.7407,0.0823,0.1881,1.3874,0.0235,31.5344,0.0118,0.0235,1.4462,0.0705,0.047,0.0118,0.1764,0.1529,1.5755,0.0235,1.3874,1.3757,1.4345,0.0823,1.5168,0.0235,0.0353,4.3151,0.0118,0.0823,0.0588
2025-11-11 23:00:07,0.1059,0.1412,0.2824,0.1059,0.0118,0.2353,1.6827,0.306,0.2,2.883,0.1294,0.1294,1.6357,0.2824,0.4942,1.3886,1.2944,2.024,0.0353,0.0118,2.1417,0.1059,2.836,0.7884,0.0941,0.0118,0.0118,1.1532,1.5533,0.0824,0.3413,0.7767,0.0118,0.0118,7.3311,1.0002,1.0238,0.0471,0.0118,0.0118,0.0235,0.1883,0.0588,0.8473,0.0588,1.4239,0.1177,2.4006,1.2591,1.1767,0.0235,1.7651,1.3886,1.212,0.0118,1.212,0.0118,0.2589,1.4945,0.6237,0.0588,2.0946,1.3533,0.1177,0.2707,0.7414,0.0824,0.1883,1.3886,0.0235,31.5368,0.0118,0.0235,1.4474,0.0706,0.0471,0.0118,0.1765,0.153,1.5768,0.0235,1.3886,1.3768,1.4356,0.0824,1.518,0.0235,0.0353,4.3069,0.0118,0.0824,0.0588
2025-11-12 00:00:05,0.1068,0.1424,0.2729,0.1068,0.0119,0.2373,1.6849,0.2966,0.2017,2.8832,0.1305,0.1305,1.6374,0.2848,0.4983,1.3882,1.2933,2.029,0.0356,0.0119,2.1357,0.1068,2.8358,0.795,0.0949,0.0119,0.0119,1.1628,1.5543,0.0831,0.3322,0.7712,0.0119,0.0119,7.3327,0.9967,1.0204,0.0475,0.0119,0.0119,0.0237,0.1898,0.0593,0.8424,0.0593,1.4238,0.1187,2.3968,1.2577,1.1747,0.0237,1.7679,1.3882,1.2103,0.0119,1.2103,0.0119,0.261,1.495,0.617,0.0593,2.1001,1.3526,0.1187,0.2729,0.7475,0.0831,0.1898,1.3882,0.0237,31.5377,0.0119,0.0237,1.4476,0.0712,0.0475,0.0119,0.178,0.1542,1.5781,0.0237,1.3882,1.3764,1.4357,0.0831,1.5187,0.0237,0.0356,4.3071,0.0119,0.0831,0.0475
2025-11-12 01:00:02,0.1064,0.1418,0.2718,0.1064,0.0118,0.2364,1.6783,0.3073,0.2009,2.8838,0.13,0.13,1.631,0.2837,0.4964,1.3828,1.3001,2.021,0.0355,0.0118,2.1392,0.1064,2.8365,0.7919,0.0946,0.0118,0.0118,1.1583,1.5483,0.0827,0.3427,0.78,0.0118,0.0118,7.3277,0.9928,1.0164,0.0473,0.0118,0.0118,0.0236,0.1891,0.0591,0.851,0.0591,1.4301,0.1182,2.3992,1.2646,1.1701,0.0236,1.761,1.3828,1.2174,0.0118,1.2174,0.0118,0.26,1.501,0.6264,0.0591,2.1038,1.3474,0.1182,0.2718,0.7446,0.0827,0.1891,1.3946,0.0236,31.5211,0.0118,0.0236,1.4419,0.0709,0.0473,0.0118,0.1773,0.1536,1.5719,0.0236,1.3946,1.371,1.4301,0.0827,1.5246,0.0236,0.0355,4.3139,0.0118,0.0827,0.0591
2025-11-12 02:00:03,0.1128,0.1354,0.282,0.1015,0.0113,0.2369,1.6808,0.3046,0.203,2.8765,0.1354,0.1354,1.6356,0.282,0.4963,1.3875,1.2972,2.0305,0.0338,0.0113,2.132,0.1015,2.8314,0.7896,0.1015,0.0113,0.0113,1.1619,1.5454,0.079,0.3384,0.7783,0.0113,0.0113,7.3322,0.9927,1.0265,0.0451,0.0113,0.0113,0.0226,0.1918,0.0564,0.846,0.0564,1.4326,0.1241,2.3914,1.2634,1.1732,0.0226,1.7597,1.3875,1.2183,0.0113,1.207,0.0113,0.2594,1.5003,0.6204,0.0564,2.0981,1.3536,0.1128,0.2707,0.7445,0.0902,0.1918,1.3875,0.0226,31.5172,0.0113,0.0338,1.4439,0.0677,0.0451,0.0113,0.1805,0.1579,1.5792,0.0226,1.3875,1.3762,1.4326,0.0902,1.5228,0.0226,0.0451,4.3091,0.0113,0.079,0.0564
2025-11-12 03:00:05,0.1118,0.1342,0.2795,0.1006,0.0112,0.2348,1.6883,0.3019,0.2013,2.8846,0.1342,0.1342,1.6324,0.2795,0.4919,1.3864,1.297,2.0237,0.0335,0.0224,2.1355,0.1006,2.8287,0.7938,0.1006,0.0112,0.0112,1.1628,1.5541,0.0783,0.3354,0.7715,0.0112,0.0112,7.3345,0.9951,1.0174,0.0447,0.0112,0.0112,0.0224,0.1901,0.0559,0.8497,0.0559,1.4311,0.123,2.3927,1.2634,1.174,0.0224,1.7665,1.3864,1.2187,0.0112,1.2075,0.0112,0.2572,1.4982,0.6261,0.0559,2.102,1.3529,0.1118,0.2683,0.7379,0.0894,0.1901,1.3864,0.0224,31.5295,0.0112,0.0335,1.4423,0.0783,0.0447,0.0112,0.1789,0.1565,1.5765,0.0224,1.3864,1.3752,1.4311,0.0894,1.5206,0.0224,0.0447,4.3157,0.0112,0.0783,0.0559
2025-11-12 04:00:09,0.1118,0.1341,0.2794,0.1006,0.0112,0.2347,1.6877,0.3018,0.2012,2.8836,0.1341,0.1341,1.6318,0.2794,0.4918,1.3859,1.2965,2.023,0.0335,0.0224,2.1348,0.1006,2.8389,0.7936,0.1006,0.0112,0.0112,1.1624,1.5536,0.0782,0.3353,0.7712,0.0112,0.0112,7.3321,0.9947,1.0171,0.0447,0.0112,0.0112,0.0224,0.19,0.0559,0.8494,0.0559,1.4306,0.1229,2.3919,1.263,1.1736,0.0224,1.766,1.3859,1.2183,0.0112,1.2183,0.0112,0.2571,1.4977,0.6259,0.0559,2.1013,1.3524,0.1118,0.2682,0.7377,0.0894,0.19,1.3859,0.0224,31.5301,0.0112,0.0335,1.4418,0.0782,0.0447,0.0112,0.1788,0.1565,1.5759,0.0224,1.3859,1.3748,1.4306,0.0894,1.5201,0.0224,0.0447,4.3143,0.0112,0.0782,0.0559
2025-11-12 05:00:02,0.1124,0.1349,0.2811,0.1012,0.0112,0.2361,1.6865,0.3036,0.2024,2.8783,0.1349,0.1349,1.6416,0.2811,0.4947,1.383,1.293,2.0238,0.0337,0.0112,2.1363,0.1012,2.8334,0.787,0.1012,0.0112,0.0112,1.1581,1.5516,0.0787,0.3373,0.7758,0.0112,0.0112,7.3308,1.0007,1.0232,0.045,0.0112,0.0112,0.0225,0.1911,0.0562,0.8433,0.0562,1.4279,0.1237,2.3949,1.2593,1.1693,0.0225,1.7652,1.3942,1.2143,0.0112,1.2143,0.0112,0.2586,1.4954,0.6184,0.0562,2.1025,1.3492,0.1124,0.2698,0.7421,0.0899,0.1911,1.3942,0.0225,31.5381,0.0112,0.0337,1.4392,0.0787,0.045,0.0112,0.1799,0.1574,1.5741,0.0225,1.3942,1.3717,1.4279,0.0899,1.5179,0.0225,0.045,4.3063,0.0112,0.0787,0.0562
2025-11-12 06:00:06,0.1093,0.1421,0.2733,0.1093,0.0109,0.2405,1.6838,0.3061,0.2077,2.8756,0.1312,0.1312,1.6401,0.2843,0.492,1.3886,1.3011,2.0227,0.0328,0.0219,2.1321,0.0984,2.8318,0.7872,0.0984,0.0109,0.0109,1.159,1.5417,0.0765,0.3389,0.7763,0.0109,0.0109,7.3365,0.995,1.0168,0.0547,0.0109,0.0109,0.0219,0.1968,0.0656,0.8419,0.0547,1.4323,0.1203,2.3945,1.2574,1.1699,0.0219,1.7603,1.3886,1.2136,0.0109,1.2136,0.0109,0.2624,1.4979,0.6232,0.0547,2.0993,1.3558,0.1203,0.2733,0.7435,0.0875,0.1968,1.3886,0.0219,31.522,0.0109,0.0328,1.4433,0.0765,0.0437,0.0109,0.1749,0.1531,1.5745,0.0219,1.3886,1.3777,1.4323,0.0875,1.5198,0.0219,0.0437,4.3079,0.0109,0.0765,0.0547
2025-11-12 07:00:07,0.1108,0.1441,0.2771,0.0997,0.0111,0.2327,1.6846,0.2992,0.1995,2.8815,0.133,0.133,1.6403,0.2882,0.4987,1.3853,1.2967,2.0282,0.0332,0.0222,2.139,0.0997,2.8372,0.7869,0.0997,0.0111,0.0111,1.1637,1.5516,0.0776,0.3436,0.7758,0.0111,0.0111,7.3368,0.9975,1.0196,0.0443,0.0111,0.0111,0.0222,0.1884,0.0665,0.8423,0.0554,1.4297,0.1219,2.3939,1.2634,1.1748,0.0222,1.7622,1.3853,1.208,0.0111,1.208,0.0111,0.266,1.4962,0.6206,0.0554,2.0946,1.3521,0.1108,0.266,0.7425,0.0887,0.1884,1.3853,0.0222,31.5305,0.0111,0.0332,1.4408,0.0776,0.0443,0.0111,0.1773,0.1552,1.5738,0.0222,1.3964,1.3743,1.4297,0.0887,1.5183,0.0222,0.0443,4.3112,0.0111,0.0776,0.0554
2025-11-12 08:00:01,0.1116,0.134,0.2791,0.1005,0.0112,0.2344,1.6856,0.3014,0.2009,2.8801,0.134,0.134,1.641,0.2791,0.4912,1.3842,1.2949,2.0317,0.0335,0.0223,2.1322,0.1005,2.8355,0.7926,0.1005,0.0112,0.0112,1.161,1.5517,0.0781,0.3349,0.7703,0.0112,0.0112,7.3342,0.9935,1.027,0.0447,0.0112,0.0112,0.0223,0.1898,0.0558,0.8484,0.0558,1.4289,0.1228,2.4001,1.2614,1.1721,0.0223,1.7638,1.3842,1.2168,0.0112,1.2168,0.0112,0.2679,1.4959,0.6251,0.0558,2.0987,1.3507,0.1116,0.2679,0.7368,0.0893,0.1898,1.3954,0.0223,31.5249,0.0112,0.0335,1.4401,0.0781,0.0447,0.0112,0.1786,0.1563,1.574,0.0223,1.3954,1.3731,1.4289,0.0893,1.5182,0.0223,0.0447,4.309,0.0112,0.0781,0.0558
2025-11-12 09:00:03,0.1116,0.1339,0.279,0.1004,0.0112,0.2344,1.6853,0.3013,0.2009,2.8795,0.1339,0.1339,1.6406,0.279,0.4911,1.3839,1.2946,2.0312,0.0335,0.0223,2.1317,0.1004,2.8348,0.7924,0.1004,0.0112,0.0112,1.1607,1.5513,0.0781,0.3348,0.7701,0.0112,0.0112,7.3326,0.9933,1.0268,0.0446,0.0112,0.0112,0.0223,0.1897,0.0558,0.8482,0.0558,1.4286,0.1228,2.3996,1.2612,1.1719,0.0223,1.7634,1.3839,1.2165,0.0112,1.2165,0.0112,0.2679,1.4955,0.625,0.0558,2.0982,1.3504,0.1116,0.2679,0.7366,0.0893,0.1897,1.3951,0.0223,31.5402,0.0112,0.0335,1.4397,0.0781,0.0446,0.0112,0.1786,0.1563,1.5737,0.0223,1.3951,1.3728,1.4286,0.0893,1.5179,0.0223,0.0446,4.308,0.0112,0.0781,0.0558
2025-11-12 10:00:04,0.111,0.1443,0.2776,0.0999,0.0111,0.2332,1.6876,0.2998,0.1998,2.8755,0.1332,0.1332,1.6321,0.2887,0.4885,1.3878,1.299,2.0318,0.0333,0.0222,2.1317,0.0999,2.8311,0.7883,0.0999,0.0111,0.0111,1.1547,1.5543,0.0777,0.3331,0.7772,0.0111,0.0111,7.3276,0.9992,1.0214,0.0444,0.0111,0.0111,0.0222,0.1887,0.0666,0.8438,0.0555,1.4322,0.1221,2.3981,1.2657,1.1769,0.0222,1.7653,1.3878,1.2102,0.0111,1.2102,0.0111,0.2665,1.4988,0.6217,0.0555,2.0984,1.3545,0.111,0.2665,0.7439,0.0888,0.1887,1.3878,0.0222,31.531,0.0111,0.0333,1.4433,0.0777,0.0444,0.0111,0.1776,0.1554,1.5766,0.0222,1.3878,1.3767,1.4322,0.0888,1.521,0.0222,0.0444,4.3078,0.0111,0.0777,0.0555
2025-11-12 11:00:11,0.1112,0.1334,0.2779,0.1,0.0111,0.2334,1.6785,0.3001,0.2001,2.8791,0.1334,0.1334,1.6341,0.289,0.4891,1.3895,1.3006,2.0231,0.0333,0.0222,2.1343,0.1,2.8346,0.7892,0.1,0.0111,0.0111,1.1561,1.5562,0.0778,0.3335,0.7781,0.0111,0.0111,7.3366,1.0004,1.0227,0.0445,0.0111,0.0111,0.0222,0.189,0.0556,0.8448,0.0556,1.4229,0.1223,2.4011,1.2561,1.1783,0.0222,1.7675,1.3895,1.2116,0.0111,1.2116,0.0111,0.2668,1.5007,0.6225,0.0556,2.1009,1.345,0.1112,0.2668,0.7448,0.0889,0.189,1.3895,0.0222,31.5251,0.0111,0.0333,1.4451,0.0778,0.0445,0.0111,0.1779,0.1556,1.5785,0.0222,1.3895,1.3784,1.434,0.0889,1.5229,0.0222,0.0445,4.313,0.0111,0.0778,0.0556
2025-11-12 12:00:02,0.111,0.1443,0.2776,0.0999,0.0111,0.2332,1.6878,0.2998,0.1999,2.8759,0.1332,0.1332,1.6322,0.2887,0.4886,1.388,1.2991,2.032,0.0333,0.0222,2.1319,0.0999,2.8314,0.7884,0.0999,0.0111,0.0111,1.1548,1.5545,0.0777,0.3331,0.7773,0.0111,0.0111,7.3284,0.9993,1.0215,0.0444,0.0111,0.0111,0.0222,0.1888,0.0666,0.8439,0.0555,1.4324,0.1221,2.3984,1.2658,1.177,0.0222,1.7655,1.388,1.2103,0.0111,1.2103,0.0111,0.2665,1.499,0.6218,0.0555,2.0986,1.3547,0.111,0.2665,0.7439,0.0888,0.1888,1.388,0.0222,31.5234,0.0111,0.0333,1.4435,0.0777,0.0444,0.0111,0.1777,0.1555,1.5767,0.0222,1.388,1.3769,1.4324,0.0888,1.5212,0.0222,0.0444,4.3082,0.0111,0.0777,0.0555
2025-11-12 13:00:04,0.1109,0.1442,0.2773,0.0998,0.0111,0.2329,1.6857,0.2994,0.1996,2.8834,0.1331,0.1331,1.6413,0.2883,0.4991,1.3863,1.2975,2.0295,0.0333,0.0222,2.1404,0.0998,2.8391,0.7874,0.0998,0.0111,0.0111,1.1534,1.5526,0.0776,0.3327,0.7763,0.0111,0.0111,7.3306,0.9981,1.0203,0.0444,0.0111,0.0111,0.0222,0.1885,0.0665,0.8429,0.0555,1.4306,0.122,2.3955,1.2643,1.1756,0.0222,1.7633,1.3863,1.2088,0.0111,1.2088,0.0111,0.2662,1.4972,0.621,0.0555,2.096,1.353,0.1109,0.2662,0.743,0.0887,0.1885,1.3863,0.0222,31.5293,0.0111,0.0333,1.4417,0.0776,0.0444,0.0111,0.1774,0.1553,1.5748,0.0222,1.3863,1.3752,1.4306,0.0887,1.5194,0.0222,0.0444,4.3141,0.0111,0.0776,0.0555
2025-11-12 14:00:10,0.1109,0.1442,0.2773,0.0998,0.0111,0.2329,1.6857,0.2994,0.1996,2.8834,0.1331,0.1331,1.6413,0.2883,0.4991,1.3863,1.2975,2.0295,0.0333,0.0222,2.1404,0.0998,2.8391,0.7874,0.0998,0.0111,0.0111,1.1534,1.5526,0.0776,0.3327,0.7763,0.0111,0.0111,7.3306,0.9981,1.0203,0.0444,0.0111,0.0111,0.0222,0.1885,0.0665,0.8429,0.0555,1.4306,0.122,2.3955,1.2643,1.1756,0.0222,1.7633,1.3863,1.2088,0.0111,1.2088,0.0111,0.2662,1.4972,0.621,0.0555,2.096,1.353,0.1109,0.2662,0.743,0.0887,0.1885,1.3863,0.0222,31.5293,0.0111,0.0333,1.4417,0.0776,0.0444,0.0111,0.1774,0.1553,1.5748,0.0222,1.3863,1.3752,1.4306,0.0887,1.5194,0.0222,0.0444,4.3141,0.0111,0.0776,0.0555
2025-11-12 15:00:02,0.1123,0.1348,0.2808,0.1011,0.0112,0.2359,1.685,0.3033,0.2022,2.8758,0.1348,0.1348,1.6401,0.2808,0.4943,1.3817,1.2918,2.0333,0.0337,0.0112,2.1344,0.1011,2.8308,0.7863,0.1011,0.0112,0.0112,1.157,1.5502,0.0786,0.337,0.7751,0.0112,0.0112,7.3354,0.9998,1.0222,0.0449,0.0112,0.0112,0.0225,0.191,0.0562,0.8425,0.0562,1.4266,0.1236,2.3927,1.2581,1.1795,0.0225,1.7636,1.3929,1.2132,0.0112,1.2132,0.0112,0.2584,1.494,0.6178,0.0562,2.1007,1.348,0.1123,0.2696,0.7414,0.0899,0.191,1.3929,0.0225,31.5322,0.0112,0.0337,1.4491,0.0786,0.0449,0.0112,0.1797,0.1573,1.5727,0.0225,1.3929,1.3817,1.4266,0.0899,1.5165,0.0225,0.0449,4.3136,0.0112,0.0786,0.0562
2025-11-12 16:00:02,0.1036,0.1382,0.2764,0.1036,0.0115,0.2303,1.6813,0.2994,0.2073,2.8789,0.1382,0.1382,1.6352,0.2879,0.4952,1.3819,1.3012,2.0267,0.0345,0.0115,2.1304,0.1036,2.8328,0.7946,0.1036,0.0115,0.0115,1.1631,1.5546,0.0806,0.3339,0.7715,0.0115,0.0115,7.3353,0.9903,1.0249,0.0461,0.0115,0.0115,0.023,0.1958,0.0576,0.8521,0.0576,1.4279,0.1267,2.3952,1.2552,1.1746,0.023,1.7619,1.3934,1.2091,0.0115,1.2091,0.0115,0.2649,1.497,0.6218,0.0576,2.0958,1.3473,0.1152,0.2764,0.737,0.0921,0.1958,1.3934,0.023,31.5177,0.0115,0.023,1.4394,0.0691,0.0461,0.0115,0.1727,0.1612,1.5776,0.023,1.3934,1.3703,1.4279,0.0921,1.52,0.023,0.0461,4.3068,0.0115,0.0806,0.0576
2025-11-12 17:00:05,0.1068,0.1424,0.273,0.1068,0.0119,0.2374,1.6855,0.2967,0.2018,2.8843,0.1306,0.1306,1.638,0.2849,0.4985,1.3887,1.2938,2.0297,0.0356,0.0119,2.1365,0.1068,2.8368,0.7953,0.095,0.0119,0.0119,1.1632,1.5549,0.0831,0.3323,0.7715,0.0119,0.0119,7.3353,0.997,1.0208,0.0475,0.0119,0.0119,0.0237,0.1899,0.0593,0.8427,0.0593,1.4243,0.1187,2.3976,1.2582,1.1751,0.0237,1.7685,1.3887,1.2107,0.0119,1.2107,0.0119,0.2611,1.4955,0.6172,0.0593,2.1009,1.3531,0.1187,0.273,0.7359,0.0831,0.1899,1.3887,0.0237,31.5252,0.0119,0.0237,1.4481,0.0712,0.0475,0.0119,0.178,0.1543,1.5786,0.0237,1.3887,1.3769,1.4362,0.0831,1.5193,0.0237,0.0356,4.3086,0.0119,0.0831,0.0475
2025-11-12 18:00:04,0.1065,0.1421,0.2723,0.1065,0.0118,0.2368,1.6811,0.296,0.2013,2.8768,0.1302,0.1302,1.6337,0.2841,0.4972,1.3851,1.3022,2.0244,0.0355,0.0118,2.1309,0.1065,2.8294,0.7932,0.0947,0.0118,0.0118,1.1602,1.5508,0.0829,0.3433,0.7813,0.0118,0.0118,7.3399,0.9944,1.0181,0.0474,0.0118,0.0118,0.0237,0.1894,0.0592,0.8524,0.0592,1.4325,0.1184,2.4032,1.2667,1.172,0.0237,1.7639,1.3851,1.2194,0.0118,1.2075,0.0118,0.2604,1.4917,0.6274,0.0592,2.0954,1.3496,0.1184,0.2723,0.7458,0.0829,0.1894,1.3851,0.0237,31.5378,0.0118,0.0237,1.4443,0.071,0.0474,0.0118,0.1776,0.1539,1.5745,0.0237,1.3969,1.3733,1.4325,0.0829,1.5153,0.0237,0.0355,4.3092,0.0118,0.0829,0.0474
2025-11-12 19:00:08,0.1061,0.1415,0.2712,0.1061,0.0118,0.2358,1.6861,0.3066,0.2004,2.877,0.1297,0.1297,1.639,0.283,0.4952,1.3796,1.297,2.0281,0.0354,0.0118,2.1342,0.1061,2.8299,0.79,0.0943,0.0118,0.0118,1.1555,1.5446,0.0825,0.3419,0.7782,0.0118,0.0118,7.334,0.9904,1.0258,0.0472,0.0118,0.0118,0.0236,0.1887,0.059,0.849,0.059,1.4267,0.1179,2.3936,1.2616,1.1791,0.0236,1.7687,1.3913,1.2145,0.0118,1.2145,0.0118,0.2594,1.4975,0.6249,0.059,2.0988,1.356,0.1179,0.2712,0.7428,0.0825,0.1887,1.3913,0.0236,31.5293,0.0118,0.0236,1.4385,0.0707,0.0472,0.0118,0.1769,0.1533,1.58,0.0236,1.3913,1.3796,1.4267,0.0825,1.521,0.0236,0.0354,4.3155,0.0118,0.0825,0.059
2025-11-12 20:00:04,0.1063,0.1418,0.2717,0.1063,0.0118,0.2363,1.6777,0.3072,0.2009,2.8828,0.13,0.13,1.6304,0.2836,0.4962,1.3823,1.2996,2.0321,0.0354,0.0118,2.1385,0.1063,2.8355,0.7916,0.0945,0.0118,0.0118,1.1578,1.5477,0.0827,0.3426,0.7798,0.0118,0.0118,7.337,0.9924,1.0161,0.0473,0.0118,0.0118,0.0236,0.189,0.0591,0.8507,0.0591,1.4296,0.1181,2.3984,1.2642,1.1697,0.0236,1.7604,1.3823,1.2169,0.0118,1.2169,0.0118,0.2599,1.5005,0.6262,0.0591,2.103,1.3469,0.1181,0.2717,0.7443,0.0827,0.189,1.3941,0.0236,31.5217,0.0118,0.0236,1.4414,0.0709,0.0473,0.0118,0.1772,0.1536,1.5714,0.0236,1.3941,1.3705,1.4296,0.0827,1.5241,0.0236,0.0354,4.3124,0.0118,0.0827,0.0591
2025-11-12 21:00:02,0.1042,0.139,0.2779,0.1042,0.0116,0.2316,1.6792,0.3011,0.2085,2.8836,0.1274,0.139,1.6329,0.2779,0.498,1.3897,1.297,2.0266,0.0347,0.0116,2.1309,0.1042,2.8373,0.7875,0.0926,0.0116,0.0116,1.1581,1.5518,0.0811,0.3358,0.7759,0.0116,0.0116,7.3306,0.9959,1.0191,0.0463,0.0116,0.0116,0.0232,0.1969,0.0579,0.8454,0.0579,1.4244,0.1274,2.3972,1.2623,1.1697,0.0232,1.7603,1.3897,1.216,0.0116,1.216,0.0116,0.2664,1.4939,0.6254,0.0579,2.0961,1.355,0.1158,0.2664,0.7412,0.0926,0.1969,1.3897,0.0232,31.5229,0.0116,0.0232,1.4476,0.0695,0.0463,0.0116,0.1737,0.1506,1.575,0.0232,1.3897,1.3781,1.436,0.0926,1.5171,0.0232,0.0463,4.308,0.0116,0.0811,0.0579
2025-11-12 22:00:02,0.1045,0.1393,0.2786,0.1045,0.0116,0.2322,1.6835,0.3019,0.209,2.8794,0.1277,0.1393,1.6371,0.2786,0.4992,1.3816,1.3004,2.0318,0.0348,0.0116,2.1363,0.1045,2.8329,0.7895,0.0929,0.0116,0.0116,1.161,1.5558,0.0813,0.3367,0.7779,0.0116,0.0116,7.3261,0.9985,1.0217,0.0464,0.0116,0.0116,0.0232,0.1974,0.0581,0.8476,0.0581,1.4281,0.1277,2.3917,1.2655,1.1726,0.0232,1.7648,1.3932,1.2075,0.0116,1.2075,0.0116,0.267,1.4977,0.627,0.0581,2.1015,1.3468,0.1161,0.267,0.7431,0.0813,0.1974,1.3932,0.0232,31.5105,0.0116,0.0232,1.4397,0.0697,0.0464,0.0116,0.1742,0.1509,1.579,0.0232,1.3932,1.37,1.4281,0.0929,1.521,0.0232,0.0464,4.3074,0.0116,0.0813,0.0581
2025-11-12 23:00:04,0.1034,0.1379,0.2757,0.1034,0.0115,0.2412,1.6772,0.2987,0.2068,2.8834,0.1379,0.1379,1.6312,0.2872,0.494,1.3785,1.2981,2.0218,0.0345,0.0115,2.1367,0.1034,2.8374,0.7926,0.1034,0.0115,0.0115,1.1603,1.5508,0.0804,0.3331,0.7697,0.0115,0.0115,7.3291,0.9994,1.0224,0.046,0.0115,0.0115,0.023,0.1953,0.0574,0.8501,0.0574,1.4245,0.1264,2.4009,1.2636,1.1717,0.023,1.7576,1.39,1.2177,0.0115,1.2177,0.0115,0.2642,1.4934,0.6203,0.0574,2.1022,1.3441,0.1149,0.2757,0.7467,0.0919,0.1953,1.39,0.023,31.5106,0.0115,0.023,1.4474,0.0689,0.046,0.0115,0.1723,0.1608,1.5738,0.023,1.39,1.3785,1.4245,0.0919,1.5164,0.023,0.046,4.3079,0.0115,0.0804,0.0574
