timestamp,.giek.wam,1d5fu.wam,1hhi.wam,1okqy.wam,2frba.wam,2tmay.wam,35kos.c.wam,3xasq.wam,4nsqy.wam,51.ea.wam,5flre.wam,5j1xs.wam,5ojx.wam,a54us.wam,advobrovivek,afkow.c.wam,afyfc.wam,b3dms.c.wam,bg5t.wam,bpufw.wam,byxxo.wam,chfaa.c.wam,colonyonmars,db1rc.wam,di2e2.wam,dvth4.wam,e3zwy.wam,eu5b.wam,eyiqy.wam,f3ira.wam,f4x3niftyacc,gamerscorner,grdx2.wam,gx1ec.wam,h2rbi.wam,h4tb.wam,hl.ba.wam,innsc.wam,izngs.wam,jbdds.wam,jnfba.wam,jpistheway2b,juicymeloon3,jytgc.wam,k1kaw.wam,kbcrc.wam,knxwm.wam,krakenslappu,lagh2.wam,m2txc.wam,mango1anchor,mcwra.wam,merqy.wam,mfacc5432111,mucu4.wam,n5f4u.c.wam,nrqk2.c.wam,o3.qy.wam,owfqy.wam,p34r.wam,palb.wam,pdzmitryblr1,pfbqw.wam,pyprg.wam,q.gcc.wam,qm3r2.wam,qz5vu.wam,r2t.e.wam,rde12.c.wam,rhcqu.wam,rjvbg.wam,rm2.k.wam,rwjb4.wam,sc3ha.wam,ss4uk.wam,tevhtftdbnde,thefoxslayer,tuyt.wam,vr2ng.c.wam,wdqbc.wam,wzbvk.wam,xoehi.wam,xq4ra.wam,xwfaw.wam,yadonor12wax,yyfr2.wam,ztvf.wam,zuqgg.wam,zzeba.wam,callmetrader,bd2si.wam,waxpiratesgg
2025-11-10 22:00:24,0.0045,0.162,0.3826,1.1163,0.009,0.3826,1.3189,0.3331,0.018,0.1215,0.0045,24.6354,8.3678,0.0045,0.063,1.1973,0.2566,0.1035,1.1343,0.5942,1.3864,2.1381,3.1329,0.7922,1.0488,0.0225,0.0045,2.5117,0.0045,0.009,1.8545,0.0765,0.0135,0.0045,2.8223,0.8958,0.0135,0.0135,1.0353,0.2881,0.3331,0.2386,0.5221,0.0045,0.027,0.027,0.162,1.1748,2.9618,1.4809,1.2829,0.09,1.2288,2.9033,0.018,1.1928,1.9986,0.2251,1.4314,0.4951,0.009,1.6565,1.2018,0.126,0.108,0.8732,0.0315,0.7157,1.0353,0.0405,5.0054,0.0045,3.0519,0.5041,0.027,0.018,1.1973,0.0045,1.2739,1.0893,1.0443,0.0045,0.7517,0.009,3.9476,0.0225,0.0225,0.117,0.0315,0.0,0.0,0.0
2025-11-10 23:03:20,0.0045,0.1628,0.3843,1.1167,0.009,0.3843,1.3202,0.3346,0.0181,0.1221,0.0045,24.6315,8.3687,0.0045,0.0633,1.1981,0.2577,0.104,1.1348,0.5923,1.388,2.1385,3.1332,0.7912,1.0489,0.0226,0.0045,2.5093,0.0045,0.009,1.8537,0.0769,0.0136,0.0045,2.8212,0.8952,0.0136,0.0136,1.0354,0.2894,0.33,0.2396,0.5199,0.0045,0.0271,0.0271,0.1582,1.1755,2.9614,1.483,1.284,0.0904,1.2298,2.9026,0.0181,1.1936,1.9984,0.2261,1.4332,0.4973,0.009,1.6548,1.2026,0.1266,0.104,0.8726,0.0316,0.7144,1.0354,0.0407,5.0095,0.0045,3.0518,0.5019,0.0271,0.0181,1.1936,0.0045,1.2705,1.0896,1.0444,0.0045,0.755,0.009,3.947,0.0226,0.0226,0.1176,0.0316,0.0,0.0,0.0
2025-11-11 00:01:33,0.0046,0.1599,0.3837,1.1146,0.0091,0.3837,1.3202,0.3335,0.0183,0.1188,0.0046,24.6357,8.3687,0.0046,0.0594,1.1968,0.2558,0.1051,1.1375,0.5939,1.3887,2.1379,3.1337,0.7903,1.0507,0.0228,0.0046,2.5124,0.0046,0.0091,1.8546,0.0777,0.0137,0.0046,2.8231,0.8953,0.0137,0.0137,1.037,0.2878,0.3335,0.2375,0.5208,0.0046,0.0274,0.0274,0.1599,1.174,2.9601,1.4846,1.2836,0.0914,1.2288,2.9007,0.0183,1.1923,2.0008,0.2238,1.4344,0.4934,0.0091,1.6536,1.2014,0.1233,0.1051,0.8725,0.032,0.7126,1.037,0.0411,5.0066,0.0046,3.0515,0.5025,0.0274,0.0137,1.1968,0.0046,1.2699,1.0918,1.0461,0.0046,0.7537,0.0091,3.9514,0.0228,0.0228,0.1188,0.032,0.0,0.0,0.0
2025-11-11 01:00:27,0.0046,0.1609,0.3816,1.1172,0.0092,0.3816,1.3195,0.331,0.0184,0.1195,0.0046,24.6345,8.3678,0.0046,0.0598,1.1954,0.2575,0.1057,1.1356,0.5931,1.3885,2.1379,3.131,0.7908,1.0483,0.023,0.0046,2.5103,0.0046,0.0046,1.8529,0.0736,0.0138,0.0046,2.823,0.8966,0.0138,0.0138,1.0345,0.2897,0.331,0.2391,0.5195,0.0046,0.0276,0.0276,0.1609,1.177,2.9609,1.4805,1.2828,0.092,1.2322,2.9011,0.0184,1.1908,2.0,0.2253,1.4345,0.4966,0.0092,1.6552,1.2046,0.1241,0.1057,0.8736,0.0322,0.7126,1.0391,0.0414,5.0115,0.0046,3.0483,0.5057,0.0276,0.0138,1.1954,0.0046,1.2736,1.0897,1.0483,0.0046,0.754,0.0092,3.9494,0.023,0.023,0.1195,0.0322,0.0,0.0,0.0
2025-11-11 02:01:34,0.0046,0.1641,0.3829,1.1168,0.0091,0.3829,1.322,0.3328,0.0182,0.1185,0.0046,24.6342,8.3694,0.0046,0.0593,1.1989,0.2553,0.1048,1.1351,0.5926,1.3903,2.1379,3.1317,0.7886,1.0485,0.0228,0.0046,2.5117,0.0046,0.0091,1.8553,0.0775,0.0137,0.0046,2.8217,0.8935,0.0137,0.0137,1.0348,0.2872,0.3328,0.237,0.5197,0.0046,0.0274,0.0274,0.1595,1.1761,2.963,1.4815,1.2809,0.0912,1.2308,2.8992,0.0182,1.1943,2.0012,0.2234,1.4314,0.4969,0.0091,1.6547,1.2034,0.1231,0.1048,0.8752,0.0319,0.7157,1.0393,0.041,5.0098,0.0046,3.0496,0.506,0.0274,0.0137,1.1943,0.0046,1.2718,1.0895,1.0485,0.0046,0.7522,0.0091,3.9477,0.0228,0.0228,0.1185,0.0319,0.0,0.0,0.0
2025-11-11 03:00:39,0.0045,0.1609,0.3843,1.117,0.0089,0.3843,1.3181,0.3306,0.0179,0.1206,0.0045,24.6325,8.3642,0.0045,0.0626,1.1974,0.2547,0.1028,1.1349,0.5943,1.3896,2.1357,3.1321,0.7908,1.05,0.0223,0.0045,2.5111,0.0045,0.0089,1.8543,0.076,0.0134,0.0045,2.8238,0.8936,0.0134,0.0134,1.0366,0.286,0.3306,0.2368,0.5183,0.0045,0.0313,0.0268,0.1609,1.1751,2.9623,1.4834,1.2823,0.0894,1.2287,2.8998,0.0179,1.193,1.9972,0.2234,1.4343,0.496,0.0089,1.6577,1.2019,0.1251,0.1072,0.8757,0.0313,0.7149,1.0366,0.0402,5.0087,0.0045,3.0517,0.5049,0.0268,0.0179,1.1974,0.0045,1.2734,1.0902,1.0455,0.0045,0.7551,0.0089,3.9498,0.0223,0.0268,0.1206,0.0313,0.0,0.0,0.0
2025-11-11 04:00:18,0.0045,0.161,0.3846,1.1179,0.0089,0.3846,1.3191,0.3309,0.0179,0.1207,0.0045,24.6344,8.3665,0.0045,0.0626,1.1984,0.2549,0.1028,1.1358,0.5947,1.3862,2.1375,3.1302,0.7915,1.0508,0.0224,0.0045,2.5131,0.0045,0.0089,1.8557,0.076,0.0134,0.0045,2.8216,0.8943,0.0134,0.0134,1.033,0.2862,0.3309,0.237,0.5187,0.0045,0.0313,0.0268,0.161,1.176,2.9602,1.4801,1.2834,0.0894,1.2297,2.9021,0.0179,1.1939,1.9988,0.2236,1.4309,0.4964,0.0089,1.6545,1.2029,0.1252,0.1073,0.8764,0.0313,0.7155,1.0374,0.0402,5.0083,0.0045,3.0497,0.5053,0.0268,0.0179,1.1939,0.0045,1.27,1.0911,1.0464,0.0045,0.7557,0.0089,3.9485,0.0224,0.0268,0.1207,0.0313,0.0,0.0,0.0
2025-11-11 05:00:20,0.0045,0.1625,0.3836,1.1147,0.009,0.3836,1.3177,0.334,0.0181,0.1218,0.0045,24.6311,8.3668,0.0045,0.0632,1.1959,0.2572,0.1038,1.1372,0.5957,1.39,2.1391,3.1319,0.7897,1.0515,0.0226,0.0045,2.5091,0.0045,0.009,1.8548,0.0767,0.0135,0.0045,2.8205,0.8935,0.0135,0.0135,1.0334,0.2888,0.3294,0.2392,0.519,0.0045,0.0271,0.0271,0.1579,1.1779,2.9604,1.4802,1.2816,0.0903,1.232,2.9018,0.0181,1.1914,1.9992,0.2256,1.4306,0.4964,0.009,1.6562,1.2004,0.1264,0.1083,0.8755,0.0316,0.713,1.038,0.0406,5.0093,0.0045,3.0507,0.5054,0.0271,0.0181,1.1959,0.0045,1.2726,1.0921,1.047,0.0045,0.7536,0.009,3.9487,0.0226,0.0226,0.1173,0.0316,0.0,0.0,0.0
2025-11-11 06:00:16,0.0045,0.1613,0.3807,1.1153,0.009,0.3807,1.3214,0.3315,0.0179,0.1209,0.0045,24.6316,8.3673,0.0045,0.0627,1.196,0.2553,0.103,1.1333,0.5957,1.3886,2.1366,3.131,0.7884,1.0482,0.0224,0.0045,2.5129,0.0045,0.009,1.8544,0.0761,0.0134,0.0045,2.8219,0.8959,0.0134,0.0134,1.0347,0.2867,0.3315,0.2374,0.5196,0.0045,0.0314,0.0269,0.1613,1.1781,2.9608,1.4826,1.2811,0.0896,1.2318,2.9026,0.0179,1.1915,1.9978,0.224,1.4334,0.4927,0.009,1.6573,1.2004,0.1254,0.1075,0.8735,0.0314,0.7167,1.0392,0.0403,5.0078,0.0045,3.0504,0.5062,0.0269,0.0179,1.196,0.0045,1.2721,1.0929,1.0482,0.0045,0.7525,0.009,3.9507,0.0224,0.0269,0.1209,0.0314,0.0,0.0,0.0
2025-11-11 07:00:20,0.0045,0.1622,0.3829,1.1172,0.009,0.3829,1.3199,0.3334,0.018,0.1216,0.0045,24.6328,8.3656,0.0045,0.0631,1.1983,0.2568,0.1036,1.1352,0.5946,1.3875,2.1398,3.1309,0.7884,1.0496,0.0225,0.0045,2.5092,0.0045,0.009,1.8515,0.0766,0.0135,0.0045,2.8246,0.8965,0.0135,0.0135,1.0361,0.2883,0.3334,0.2388,0.5181,0.0045,0.027,0.027,0.1622,1.1758,2.9597,1.4821,1.2839,0.0901,1.2298,2.9012,0.018,1.1938,2.0002,0.2252,1.4326,0.4955,0.009,1.6578,1.2028,0.1261,0.1081,0.874,0.0315,0.7163,1.0361,0.0405,5.005,0.0045,3.0498,0.5045,0.027,0.018,1.1938,0.0045,1.2704,1.0902,1.0451,0.0045,0.7523,0.009,3.9508,0.0225,0.0225,0.1171,0.0315,0.0,0.0,0.0
2025-11-11 08:00:17,0.0045,0.1605,0.3834,1.1147,0.0089,0.3834,1.3198,0.3344,0.0223,0.1204,0.0045,24.6388,8.369,0.0045,0.0624,1.1949,0.2541,0.1026,1.137,0.593,1.3867,2.1402,3.13,0.7892,1.0523,0.0223,0.0045,2.5103,0.0045,0.0089,1.8548,0.0758,0.0134,0.0045,2.8224,0.8962,0.0134,0.0134,1.0344,0.2854,0.3299,0.2363,0.5217,0.0045,0.0312,0.0268,0.1605,1.1771,2.9606,1.4803,1.2841,0.0892,1.2306,2.9026,0.0178,1.1905,2.002,0.2229,1.4312,0.4949,0.0089,1.6542,1.2039,0.1248,0.107,0.8739,0.0312,0.7134,1.0389,0.0401,5.0027,0.0045,3.0498,0.5038,0.0268,0.0178,1.1949,0.0045,1.2707,1.0924,1.0478,0.0045,0.7535,0.0089,3.9504,0.0223,0.0268,0.1204,0.0312,0.0,0.0,0.0
2025-11-11 09:00:17,0.0044,0.1611,0.3831,1.1145,0.0087,0.3831,1.3192,0.3309,0.0218,0.1219,0.0044,24.6332,8.3678,0.0044,0.061,1.1973,0.2569,0.1045,1.1363,0.5921,1.3888,2.1377,3.1303,0.7924,1.0492,0.0218,0.0044,2.5121,0.0044,0.0087,1.8547,0.074,0.0131,0.0044,2.8212,0.8969,0.0131,0.0174,1.0362,0.2873,0.3309,0.2351,0.5181,0.0044,0.0305,0.0261,0.1611,1.1755,2.9605,1.4803,1.2843,0.0914,1.2321,2.8996,0.0218,1.1929,1.9983,0.222,1.4324,0.4963,0.0087,1.6544,1.2016,0.1263,0.1045,0.8751,0.0305,0.714,1.0362,0.0435,5.0067,0.0044,3.0519,0.505,0.0261,0.0174,1.1973,0.0044,1.2713,1.0928,1.0449,0.0044,0.7532,0.0087,3.9488,0.0218,0.0261,0.1175,0.0348,0.0,0.0,0.0
2025-11-11 10:00:21,0.0043,0.1623,0.3844,1.1147,0.0085,0.3844,1.3197,0.3331,0.0214,0.1196,0.0043,24.6348,8.3668,0.0043,0.0598,1.1959,0.2563,0.1025,1.1361,0.5937,1.3881,2.1397,3.1306,0.7901,1.0507,0.0256,0.0043,2.5113,0.0043,0.0085,1.8536,0.0769,0.0128,0.0043,2.8231,0.8969,0.0128,0.0171,1.0336,0.2862,0.3331,0.2349,0.5211,0.0043,0.0299,0.0256,0.1623,1.1745,2.9598,1.482,1.2813,0.0897,1.23,2.9,0.0214,1.1916,1.9988,0.2221,1.435,0.4954,0.0085,1.6571,1.2044,0.1239,0.1068,0.8755,0.0299,0.7132,1.0378,0.0427,5.0013,0.0043,3.0495,0.504,0.0299,0.0171,1.1959,0.0043,1.2727,1.0891,1.0464,0.0043,0.7517,0.0085,3.9506,0.0214,0.0256,0.1196,0.0342,0.0,0.0,0.0
2025-11-11 11:00:18,0.0043,0.1619,0.3833,1.1159,0.0085,0.3833,1.3204,0.3322,0.0213,0.1193,0.0043,24.6316,8.3653,0.0043,0.0596,1.1969,0.2556,0.1022,1.1372,0.592,1.3885,2.1382,3.1306,0.788,1.052,0.0256,0.0043,2.513,0.0043,0.0085,1.8528,0.0767,0.0128,0.0043,2.8239,0.8945,0.0128,0.017,1.035,0.2896,0.3322,0.2385,0.5196,0.0043,0.0298,0.0256,0.1619,1.1756,2.9602,1.4822,1.2821,0.0894,1.2309,2.9006,0.0213,1.1926,1.9976,0.2257,1.4311,0.4941,0.0085,1.6569,1.2054,0.1235,0.1065,0.8732,0.0298,0.7156,1.035,0.0426,5.0047,0.0043,3.0497,0.5026,0.0298,0.017,1.1969,0.0043,1.2735,1.0904,1.0478,0.0043,0.7539,0.0085,3.9484,0.0213,0.0256,0.1193,0.0341,0.0,0.0,0.0
2025-11-11 12:00:16,0.0043,0.1633,0.3824,1.117,0.0086,0.3824,1.319,0.3308,0.0215,0.1203,0.0043,24.6348,8.3691,0.0043,0.0601,1.1987,0.2578,0.1031,1.1342,0.5929,1.3877,2.1395,3.132,0.7905,1.0526,0.0215,0.0043,2.5133,0.0043,0.0086,1.856,0.0773,0.0129,0.0043,2.8226,0.8936,0.0129,0.0172,1.0354,0.2879,0.3308,0.2363,0.5198,0.0043,0.0301,0.0258,0.159,1.1772,2.9601,1.4822,1.2846,0.0902,1.2287,2.9,0.0215,1.1901,1.9978,0.2234,1.435,0.4941,0.0086,1.6541,1.203,0.1246,0.1074,0.8764,0.0301,0.7132,1.0354,0.043,5.0009,0.0043,3.0504,0.5027,0.0301,0.0172,1.1944,0.0043,1.2717,1.0913,1.0483,0.0043,0.7518,0.0086,3.9483,0.0215,0.0258,0.1203,0.0344,0.0,0.0,0.0
2025-11-11 13:01:51,0.0044,0.1635,0.3844,1.1179,0.0088,0.3844,1.3211,0.3314,0.0221,0.1193,0.0044,24.6288,8.3643,0.0044,0.0619,1.1974,0.2563,0.106,1.1356,0.5921,1.3874,2.1386,3.1327,0.7909,1.0516,0.0221,0.0044,2.5097,0.0044,0.0088,1.8514,0.0751,0.0133,0.0044,2.8234,0.897,0.0133,0.0177,1.0339,0.2872,0.3314,0.2386,0.5214,0.0044,0.0309,0.0265,0.1591,1.1753,2.9604,1.4802,1.2814,0.0928,1.2283,2.8986,0.0177,1.193,1.9972,0.2253,1.4316,0.4949,0.0088,1.6569,1.2018,0.1237,0.106,0.8749,0.0309,0.7158,1.0384,0.0442,5.0018,0.0044,3.0488,0.5037,0.0265,0.0177,1.1974,0.0044,1.2725,1.0914,1.0472,0.0044,0.7556,0.0088,3.9502,0.0221,0.0265,0.1193,0.0309,0.0,0.0,0.0
2025-11-11 14:01:16,0.0045,0.1571,0.377,1.0996,0.009,0.377,1.2971,0.3276,0.018,0.1167,0.0045,24.237,8.2316,0.0045,0.0583,1.1759,0.2513,0.1032,1.1176,0.5835,1.3645,2.105,3.079,0.7765,1.0323,0.0224,0.0045,2.4686,0.0045,0.009,1.8223,0.0763,0.0135,0.0045,2.7783,0.8797,0.0135,0.0135,1.0189,0.2828,0.3276,0.2334,0.5117,0.0045,0.0269,0.0269,0.1571,1.158,2.9129,1.4587,1.2612,0.0898,1.2118,2.8546,0.018,1.1715,1.9659,0.2199,1.4093,0.4892,0.009,1.6293,1.1849,0.1212,0.1032,0.8618,0.0314,0.7047,1.0189,0.0404,4.9282,0.0045,3.0027,0.4937,0.0269,0.0135,1.1759,0.0045,1.2522,1.0727,1.0278,0.0045,0.7406,0.009,3.8869,0.0224,0.0224,0.1167,0.0314,1.6293,0.0,0.0
2025-11-11 15:01:45,0.0045,0.1611,0.3758,1.0961,0.0089,0.3758,1.2975,0.3266,0.0179,0.1208,0.0045,24.2316,8.2278,0.0045,0.0582,1.1767,0.2505,0.1029,1.1185,0.5861,1.3646,2.1028,3.0826,0.7785,1.0335,0.0224,0.0045,2.4697,0.0045,0.0089,1.8254,0.0761,0.0134,0.0045,2.7784,0.8814,0.0134,0.0134,1.0156,0.2819,0.3266,0.2327,0.51,0.0045,0.0268,0.0268,0.1566,1.1588,2.9126,1.4585,1.2617,0.0895,1.2125,2.8545,0.0179,1.1722,1.9686,0.2192,1.4093,0.4877,0.0089,1.6286,1.1812,0.1208,0.1029,0.859,0.0313,0.7024,1.0201,0.0403,4.9304,0.0045,3.0021,0.4966,0.0268,0.0134,1.1767,0.0045,1.2527,1.0738,1.029,0.0045,0.7427,0.0089,3.8835,0.0224,0.0224,0.1163,0.0313,1.633,0.0,0.0
2025-11-11 16:00:39,0.0045,0.1632,0.3807,1.115,0.0091,0.3807,1.319,0.3309,0.0181,0.1224,0.0045,24.6397,8.3673,0.0045,0.0635,1.1966,0.2538,0.1043,1.1377,0.5938,1.387,2.1394,3.1321,0.7887,1.0516,0.0227,0.0045,2.5111,0.0045,0.0091,1.8539,0.0771,0.0136,0.0045,2.8239,0.8975,0.0136,0.0136,1.0335,0.2856,0.3309,0.2357,0.5213,0.0045,0.0272,0.0272,0.1586,1.1785,2.9644,1.4822,1.2827,0.0907,1.2329,2.9009,0.0181,1.1921,1.9989,0.2221,1.4323,0.4941,0.0091,1.6544,1.2012,0.1224,0.1043,0.8748,0.0317,0.7162,1.038,0.0408,5.0041,0.0045,3.0505,0.5031,0.0272,0.0181,1.1966,0.0045,1.2737,1.0924,1.047,0.0045,0.7524,0.0091,3.9525,0.0227,0.0227,0.1178,0.0317,0.0,0.0,0.0
2025-11-11 17:00:36,0.0044,0.1636,0.3846,1.114,0.0088,0.3846,1.3217,0.3315,0.0221,0.1194,0.0044,24.6265,8.3635,0.0044,0.0619,1.1979,0.2564,0.1061,1.1361,0.5923,1.388,2.1395,3.1297,0.7913,1.0521,0.0221,0.0044,2.5108,0.0044,0.0088,1.8522,0.0751,0.0133,0.0044,2.8247,0.8974,0.0133,0.0177,1.0344,0.2873,0.3315,0.2387,0.5216,0.0044,0.0309,0.0265,0.1591,1.1758,2.9617,1.4809,1.2819,0.0928,1.2289,2.8998,0.0177,1.1935,1.9981,0.2254,1.4322,0.4951,0.0088,1.6533,1.2024,0.1238,0.1061,0.8753,0.0309,0.7161,1.0388,0.0442,5.004,0.0044,3.0501,0.5039,0.0265,0.0177,1.1935,0.0044,1.2731,1.0919,1.0477,0.0044,0.7515,0.0088,3.9475,0.0221,0.0265,0.1194,0.0309,0.0,0.0,0.0
2025-11-11 18:00:46,0.0045,0.1602,0.3827,1.1171,0.0089,0.3827,1.3218,0.3338,0.0223,0.1202,0.0045,24.6384,8.3671,0.0045,0.0623,1.1972,0.2537,0.1024,1.1349,0.5919,1.3886,2.1363,3.1332,0.7922,1.0503,0.0223,0.0045,2.5101,0.0045,0.0089,1.8559,0.0757,0.0134,0.0045,2.8217,0.8946,0.0134,0.0134,1.037,0.2848,0.3293,0.2403,0.5207,0.0045,0.0312,0.0267,0.1602,1.175,2.9596,1.482,1.2818,0.089,1.2284,2.9018,0.0178,1.1928,1.9983,0.2225,1.4331,0.4985,0.0089,1.6556,1.2017,0.1246,0.1068,0.8723,0.0312,0.7165,1.037,0.0401,5.0113,0.0045,3.0486,0.5029,0.0267,0.0178,1.1972,0.0045,1.2729,1.0904,1.0459,0.0045,0.7521,0.0089,3.9477,0.0223,0.0267,0.1202,0.0312,0.0,0.0,0.0
2025-11-11 19:00:28,0.0045,0.1619,0.3822,1.1152,0.009,0.3822,1.3221,0.3328,0.018,0.1214,0.0045,24.6335,8.3641,0.0045,0.063,1.1962,0.2563,0.1034,1.1332,0.5936,1.3895,2.136,3.1298,0.7914,1.0523,0.0225,0.0045,2.5092,0.0045,0.009,1.8527,0.0764,0.0135,0.0045,2.824,0.8949,0.0135,0.0135,1.0343,0.2833,0.3328,0.2383,0.5216,0.0045,0.027,0.027,0.1619,1.1782,2.9589,1.4839,1.2816,0.0899,1.2321,2.9004,0.018,1.1917,2.0011,0.2248,1.4345,0.4946,0.009,1.6548,1.2006,0.1259,0.1079,0.8724,0.0315,0.715,1.0388,0.0405,5.0094,0.0045,3.0488,0.5036,0.027,0.018,1.1962,0.0045,1.2726,1.0927,1.0478,0.0045,0.7555,0.009,3.9482,0.0225,0.0225,0.1214,0.0315,0.0,0.0,0.0
2025-11-11 20:00:51,0.0045,0.1628,0.3844,1.1169,0.009,0.3844,1.3204,0.3346,0.0181,0.1221,0.0045,24.636,8.3657,0.0045,0.0633,1.1983,0.2578,0.104,1.135,0.5924,1.3883,2.1389,3.1338,0.7914,1.0491,0.0226,0.0045,2.5097,0.0045,0.009,1.854,0.0769,0.0136,0.0045,2.8217,0.8954,0.0136,0.0136,1.0355,0.2849,0.3301,0.2397,0.52,0.0045,0.0271,0.0271,0.1583,1.1757,2.9619,1.4832,1.2843,0.0904,1.23,2.8986,0.0181,1.1938,1.9987,0.2261,1.4335,0.4974,0.009,1.6551,1.2029,0.1266,0.104,0.8728,0.0317,0.7145,1.0355,0.0407,5.0059,0.0045,3.0524,0.5019,0.0271,0.0181,1.1938,0.0045,1.2707,1.0898,1.0446,0.0045,0.7552,0.009,3.9477,0.0226,0.0226,0.1176,0.0317,0.0,0.0,0.0
2025-11-11 21:00:24,0.0044,0.164,0.3811,1.1167,0.0089,0.3811,1.3206,0.3324,0.0222,0.1196,0.0044,24.6388,8.3666,0.0044,0.062,1.1965,0.257,0.1019,1.1345,0.5938,1.387,2.136,3.133,0.7888,1.0503,0.0222,0.0044,2.5126,0.0044,0.0089,1.8523,0.0753,0.0133,0.0044,2.8228,0.8952,0.0133,0.0133,1.037,0.2836,0.3324,0.2393,0.5185,0.0044,0.031,0.0266,0.1595,1.1743,2.9602,1.4845,1.2807,0.0931,1.2319,2.9026,0.0177,1.1921,1.9986,0.226,1.4314,0.4963,0.0089,1.6574,1.2009,0.1241,0.1064,0.873,0.031,0.7135,1.037,0.0443,5.0075,0.0044,3.0488,0.5052,0.0266,0.0177,1.1965,0.0044,1.2718,1.0901,1.0458,0.0044,0.7533,0.0089,3.9484,0.0222,0.0266,0.1196,0.031,0.0,0.0,0.0
2025-11-11 22:00:22,0.0045,0.1618,0.3819,1.1143,0.009,0.3819,1.321,0.3325,0.018,0.1213,0.0045,24.6316,8.3663,0.0045,0.0629,1.1952,0.2561,0.1033,1.1368,0.5931,1.3884,2.1387,3.1317,0.7908,1.0514,0.0225,0.0045,2.5117,0.0045,0.009,1.8557,0.0764,0.0135,0.0045,2.8217,0.8941,0.0135,0.0135,1.0334,0.2831,0.3325,0.2381,0.5212,0.0045,0.027,0.027,0.1618,1.1772,2.961,1.4827,1.2806,0.0899,1.2311,2.9026,0.018,1.1907,1.9995,0.2247,1.4333,0.4942,0.009,1.6535,1.1997,0.1258,0.1078,0.8762,0.0315,0.7144,1.0379,0.0404,5.0099,0.0045,3.0509,0.5032,0.027,0.018,1.1952,0.0045,1.2716,1.0918,1.0469,0.0045,0.7549,0.009,3.9495,0.0225,0.027,0.1213,0.0315,0.0,0.0,0.0
2025-11-11 23:02:03,0.0044,0.1588,0.3749,1.0895,0.0088,0.3749,1.288,0.322,0.0176,0.1191,0.0044,24.0086,8.1558,0.0044,0.0618,1.1645,0.2514,0.1015,1.1071,0.5778,1.3542,2.082,3.0524,0.7719,1.0233,0.0221,0.0044,2.4481,0.0044,0.0088,1.8085,0.075,0.0132,0.0044,2.7524,0.8734,0.0132,0.0132,1.0101,0.2779,0.322,0.2338,0.5073,0.0044,0.0265,0.0265,0.1544,1.1468,2.8847,1.4468,1.2483,0.0882,1.1998,2.8274,0.0176,1.1601,1.9496,0.2161,1.3983,0.4852,0.0088,1.6144,1.1733,0.1235,0.1015,0.8513,0.0309,0.6969,1.0101,0.0397,4.8873,0.0044,2.973,0.4896,0.0265,0.0176,1.1645,0.0044,1.2395,1.063,1.0189,0.0044,0.7322,0.0088,3.8507,0.0221,0.0221,0.1147,0.0309,1.6232,0.8998,0.0
2025-11-12 00:00:48,0.0045,0.1559,0.3742,1.0869,0.0089,0.3742,1.2873,0.3252,0.0178,0.1158,0.0045,24.0134,8.1559,0.0045,0.0579,1.167,0.2494,0.1024,1.1047,0.5791,1.3541,2.0846,3.0512,0.7706,1.0245,0.0223,0.0045,2.4454,0.0045,0.0089,1.8085,0.0757,0.0134,0.0045,2.7528,0.8731,0.0134,0.0134,1.0067,0.2762,0.3252,0.2316,0.5078,0.0045,0.0267,0.0267,0.1559,1.1448,2.8864,1.4432,1.2517,0.0891,1.1982,2.8285,0.0178,1.1626,1.951,0.2183,1.3987,0.4855,0.0089,1.6125,1.1715,0.1203,0.1024,0.8508,0.0312,0.6949,1.0111,0.0401,4.8864,0.0045,2.971,0.49,0.0267,0.0134,1.167,0.0045,1.2383,1.0646,1.02,0.0045,0.735,0.0089,3.8486,0.0223,0.0223,0.1158,0.0312,1.6258,0.9042,0.0
2025-11-12 01:01:24,0.0044,0.1582,0.3736,1.0857,0.0088,0.3736,1.2879,0.3253,0.0176,0.1187,0.0044,24.0077,8.1535,0.0044,0.0615,1.1648,0.2505,0.1011,1.1076,0.5802,1.3538,2.0834,3.0504,0.7692,1.0241,0.022,0.0044,2.4482,0.0044,0.0088,1.8065,0.0747,0.0132,0.0044,2.7515,0.8747,0.0132,0.0132,1.0065,0.2769,0.3209,0.233,0.5055,0.0044,0.0264,0.0264,0.1582,1.1472,2.8878,1.4461,1.2483,0.0879,1.1999,2.8262,0.0176,1.1604,1.9472,0.2198,1.3977,0.4879,0.0088,1.6131,1.1736,0.1231,0.1055,0.8527,0.0308,0.6945,1.0109,0.0396,4.8877,0.0044,2.9713,0.4923,0.0264,0.0176,1.1648,0.0044,1.2395,1.0637,1.0197,0.0044,0.734,0.0088,3.8504,0.022,0.022,0.1143,0.0308,1.6263,0.9011,0.0
2025-11-12 02:00:24,0.0042,0.1567,0.3728,1.0887,0.0085,0.3728,1.2878,0.3219,0.0212,0.1186,0.0042,24.0056,8.1544,0.0042,0.0593,1.1649,0.2499,0.1017,1.1056,0.5803,1.3513,2.0841,3.0499,0.771,1.0251,0.0212,0.0042,2.4484,0.0042,0.0085,1.8045,0.0762,0.0127,0.0042,2.7492,0.8726,0.0127,0.0169,1.0082,0.2796,0.3219,0.233,0.5083,0.0042,0.0297,0.0254,0.1567,1.148,2.8847,1.4445,1.2496,0.089,1.1988,2.8254,0.0212,1.1607,1.9486,0.2203,1.3979,0.4871,0.0085,1.6139,1.1734,0.1228,0.1017,0.8514,0.0297,0.6947,1.0124,0.0424,4.8841,0.0042,2.9737,0.4914,0.0254,0.0169,1.1649,0.0042,1.2412,1.0632,1.0209,0.0042,0.7328,0.0085,3.8463,0.0212,0.0254,0.1144,0.0339,1.6266,0.9023,0.0
2025-11-12 03:00:33,0.0042,0.1558,0.3747,1.0862,0.0084,0.3747,1.2883,0.3242,0.021,0.1179,0.0042,24.0096,8.1548,0.0042,0.0589,1.1662,0.2484,0.101,1.1072,0.5768,1.3514,2.0839,3.0522,0.7704,1.023,0.021,0.0042,2.446,0.0042,0.0084,1.8061,0.0758,0.0126,0.0042,2.7533,0.8715,0.0126,0.0168,1.0062,0.2779,0.3242,0.2315,0.5052,0.0042,0.0295,0.0253,0.1558,1.1451,2.8881,1.444,1.2504,0.0884,1.1998,2.8291,0.021,1.162,1.9492,0.2189,1.3977,0.4841,0.0084,1.6124,1.1746,0.1221,0.1052,0.8504,0.0295,0.6946,1.0104,0.0421,4.8878,0.0042,2.9723,0.4926,0.0253,0.0168,1.1662,0.0042,1.2377,1.0651,1.0188,0.0042,0.7325,0.0084,3.8479,0.021,0.0253,0.1179,0.0337,1.6251,0.9009,0.0
2025-11-12 04:00:37,0.0042,0.1594,0.3734,1.0867,0.0084,0.3734,1.2881,0.3231,0.021,0.1175,0.0042,24.0087,8.1526,0.0042,0.0587,1.1664,0.2476,0.1007,1.1077,0.579,1.3511,2.0853,3.0504,0.772,1.0238,0.021,0.0042,2.4462,0.0042,0.0084,1.8084,0.0755,0.0126,0.0042,2.7525,0.8727,0.0126,0.0168,1.007,0.2769,0.3231,0.235,0.5077,0.0042,0.0294,0.0252,0.1552,1.1455,2.8868,1.4434,1.2504,0.0881,1.2,2.828,0.021,1.1623,1.9469,0.2182,1.3972,0.4867,0.0084,1.6154,1.1748,0.1217,0.1049,0.8518,0.0294,0.6965,1.0112,0.042,4.884,0.0042,2.9707,0.4909,0.0252,0.0168,1.1664,0.0042,1.2378,1.0616,1.0196,0.0042,0.7343,0.0084,3.8476,0.021,0.0252,0.1175,0.0336,1.6238,0.9021,0.0
2025-11-12 05:00:28,0.0042,0.1561,0.3713,1.0887,0.0084,0.3713,1.287,0.3249,0.0211,0.1182,0.0042,24.0105,8.1526,0.0042,0.0591,1.1647,0.249,0.1013,1.1056,0.5781,1.3545,2.0846,3.0509,0.768,1.0254,0.0211,0.0042,2.4475,0.0042,0.0084,1.8061,0.076,0.0127,0.0042,2.7513,0.8735,0.0127,0.0169,1.0085,0.2785,0.3249,0.2321,0.5064,0.0042,0.0295,0.0253,0.1561,1.1478,2.8863,1.4432,1.2491,0.0886,1.1984,2.8272,0.0211,1.1604,1.9495,0.2194,1.3967,0.4853,0.0084,1.612,1.1731,0.1224,0.1013,0.8524,0.0295,0.6963,1.0127,0.0422,4.8865,0.0042,2.9707,0.4895,0.0253,0.0169,1.1647,0.0042,1.2406,1.0634,1.0212,0.0042,0.7342,0.0084,3.8484,0.0211,0.0253,0.1182,0.0338,1.6246,0.903,0.0
2025-11-12 06:00:55,0.0041,0.1575,0.3731,1.0861,0.0083,0.3731,1.285,0.3233,0.0207,0.1161,0.0041,24.0134,8.1537,0.0041,0.058,1.1648,0.2487,0.0995,1.1068,0.5803,1.3514,2.0851,3.0509,0.771,1.0239,0.0249,0.0041,2.4457,0.0041,0.0083,1.8073,0.0746,0.0124,0.0041,2.7524,0.8746,0.0124,0.0166,1.0073,0.2777,0.3233,0.2321,0.5057,0.0041,0.029,0.0249,0.1575,1.1482,2.8851,1.4467,1.2477,0.0871,1.198,2.8271,0.0207,1.1607,1.9483,0.2197,1.3969,0.485,0.0083,1.6125,1.1731,0.1202,0.1036,0.8539,0.029,0.6964,1.0114,0.0415,4.8872,0.0041,2.9721,0.4891,0.029,0.0166,1.1648,0.0041,1.2394,1.0653,1.0197,0.0041,0.7337,0.0083,3.8509,0.0207,0.0249,0.1161,0.0332,1.6249,0.9037,0.0
2025-11-12 07:01:06,0.0042,0.1598,0.3742,1.0889,0.0084,0.3742,1.2865,0.3237,0.021,0.1177,0.0042,24.0057,8.1519,0.0042,0.0589,1.1646,0.248,0.1009,1.1057,0.5802,1.3537,2.0853,3.0522,0.7694,1.0216,0.021,0.0042,2.4468,0.0042,0.0084,1.8078,0.0757,0.0126,0.0042,2.7495,0.8745,0.0126,0.0168,1.009,0.2775,0.3237,0.2312,0.5087,0.0042,0.0294,0.0252,0.1556,1.1477,2.884,1.4462,1.2486,0.0883,1.1982,2.8252,0.021,1.1603,1.9507,0.2186,1.3958,0.4877,0.0084,1.6144,1.173,0.1219,0.1051,0.8534,0.0294,0.6979,1.009,0.042,4.8852,0.0042,2.9723,0.4919,0.0252,0.0168,1.1646,0.0042,1.2402,1.0637,1.0174,0.0042,0.7357,0.0084,3.8468,0.021,0.0252,0.1177,0.0336,1.627,0.8997,0.0
2025-11-12 08:00:20,0.0042,0.1596,0.3738,1.0878,0.0084,0.3738,1.2852,0.3234,0.021,0.1176,0.0042,24.0067,8.152,0.0042,0.0588,1.1676,0.2478,0.1008,1.1046,0.5796,1.3524,2.0832,3.0533,0.7686,1.0248,0.021,0.0042,2.4486,0.0042,0.0084,1.806,0.0756,0.0126,0.0042,2.7509,0.8736,0.0126,0.0168,1.008,0.2772,0.3234,0.2352,0.5082,0.0042,0.0294,0.0252,0.1554,1.1466,2.8853,1.4448,1.2474,0.0882,1.197,2.8265,0.021,1.1634,1.9488,0.2184,1.3944,0.4872,0.0084,1.6128,1.176,0.1218,0.105,0.8526,0.0294,0.6972,1.0122,0.042,4.8845,0.0042,2.9735,0.4914,0.0252,0.0168,1.1634,0.0042,1.239,1.0626,1.0206,0.0042,0.735,0.0084,3.8471,0.021,0.0252,0.1176,0.0336,1.6254,0.903,0.0
2025-11-12 09:00:20,0.0042,0.1593,0.373,1.0855,0.0084,0.373,1.2825,0.3227,0.021,0.1174,0.0042,23.9658,8.1395,0.0042,0.0587,1.1652,0.2473,0.1006,1.1065,0.5784,1.3496,2.0789,3.0471,0.767,1.0227,0.021,0.0042,2.4435,0.0042,0.0084,1.8023,0.0754,0.0126,0.0042,2.7453,0.8718,0.0126,0.0168,1.0059,0.2766,0.3227,0.2347,0.5071,0.0042,0.0293,0.0251,0.1551,1.1442,2.8794,1.4418,1.249,0.088,1.1987,2.8207,0.021,1.161,1.9448,0.2179,1.3957,0.4862,0.0084,1.6095,1.1736,0.1215,0.1048,0.8508,0.0293,0.6958,1.0101,0.0419,4.8745,0.0042,2.9674,0.4904,0.0251,0.0168,1.1652,0.0042,1.2364,1.0604,1.0185,0.0042,0.7335,0.0084,3.8434,0.021,0.0251,0.1174,0.0335,1.6262,0.9011,0.1635
2025-11-12 10:00:22,0.0042,0.1585,0.3712,1.0844,0.0083,0.3712,1.2846,0.3253,0.0209,0.1168,0.0042,23.9698,8.1415,0.0042,0.0584,1.1637,0.2503,0.1001,1.1053,0.5756,1.3514,2.0812,3.0489,0.7674,1.0219,0.0209,0.0042,2.4441,0.0042,0.0083,1.8018,0.0751,0.0125,0.0042,2.7486,0.8717,0.0125,0.0167,1.0052,0.2794,0.3212,0.2336,0.5047,0.0042,0.0292,0.025,0.1543,1.1428,2.882,1.4431,1.2471,0.0876,1.197,2.8237,0.0209,1.1595,1.9436,0.2169,1.3931,0.4838,0.0083,1.6099,1.172,0.121,0.1043,0.8509,0.0292,0.6965,1.0093,0.0417,4.8799,0.0042,2.9655,0.4922,0.025,0.0167,1.1637,0.0042,1.2387,1.0636,1.0177,0.0042,0.7341,0.0083,3.8413,0.0209,0.025,0.1168,0.0334,1.6225,0.9009,0.1668
2025-11-12 11:01:32,0.0042,0.1584,0.371,1.0879,0.0083,0.371,1.2838,0.3251,0.0208,0.1167,0.0042,23.9715,8.1406,0.0042,0.0584,1.1629,0.2501,0.1,1.1046,0.5794,1.3505,2.0799,3.047,0.767,1.0212,0.0208,0.0042,2.4426,0.0042,0.0083,1.8048,0.075,0.0125,0.0042,2.7469,0.8712,0.0125,0.0167,1.0045,0.2793,0.321,0.2334,0.5044,0.0042,0.0292,0.025,0.1542,1.1463,2.8802,1.4422,1.2463,0.0875,1.1963,2.8219,0.0208,1.1588,1.9466,0.2167,1.3964,0.4835,0.0083,1.6131,1.1713,0.1209,0.1042,0.8503,0.0292,0.6961,1.0087,0.0417,4.8768,0.0042,2.9678,0.4919,0.025,0.0167,1.1629,0.0042,1.238,1.0629,1.017,0.0042,0.7336,0.0083,3.8431,0.0208,0.025,0.1167,0.0333,1.6256,0.9003,0.1667
2025-11-12 12:01:11,0.0042,0.1587,0.3717,1.086,0.0084,0.3717,1.2823,0.3216,0.0209,0.1169,0.0042,23.9663,8.1405,0.0042,0.0585,1.1653,0.2506,0.1002,1.1027,0.5764,1.3491,2.08,3.0449,0.7685,1.0233,0.0209,0.0042,2.4434,0.0042,0.0084,1.8044,0.0752,0.0125,0.0042,2.7483,0.8729,0.0125,0.0167,1.0066,0.2757,0.3216,0.2339,0.5054,0.0042,0.0292,0.0251,0.1545,1.1444,2.882,1.441,1.2489,0.0877,1.1987,2.8235,0.0209,1.1611,1.9464,0.2172,1.395,0.4845,0.0084,1.6122,1.1737,0.1211,0.1044,0.8521,0.0292,0.6933,1.0108,0.0418,4.8785,0.0042,2.9655,0.4887,0.0251,0.0167,1.1653,0.0042,1.2363,1.0609,1.0191,0.0042,0.7309,0.0084,3.8426,0.0209,0.0251,0.1169,0.0334,1.6248,0.9022,0.1671
2025-11-12 13:00:29,0.0042,0.1588,0.372,1.0867,0.0084,0.372,1.2831,0.326,0.0209,0.117,0.0042,23.9321,8.1501,0.0042,0.0585,1.1661,0.2508,0.1003,1.1076,0.5768,1.35,2.0772,3.0427,0.769,1.024,0.0209,0.0042,2.445,0.0042,0.0084,1.8056,0.0752,0.0125,0.0042,2.7418,0.8735,0.0125,0.0167,1.0073,0.2759,0.3218,0.2341,0.5057,0.0042,0.0293,0.0251,0.1546,1.1452,2.8839,1.4419,1.2497,0.0878,1.1954,2.817,0.0209,1.1577,1.9477,0.2173,1.3918,0.4848,0.0084,1.6091,1.1703,0.1212,0.1045,0.8526,0.0293,0.698,1.0115,0.0418,4.8859,0.0042,2.9717,0.489,0.0251,0.0167,1.1661,0.0042,1.2371,1.0616,1.0198,0.0042,0.7356,0.0084,3.8494,0.0209,0.0251,0.117,0.0334,1.6258,0.9028,0.163
2025-11-12 14:01:21,0.0042,0.159,0.3723,1.0876,0.0084,0.3723,1.2843,0.3221,0.0209,0.1171,0.0042,23.9741,8.1406,0.0042,0.0586,1.1629,0.251,0.1004,1.1044,0.5773,1.3512,2.0791,3.0454,0.7697,1.0207,0.0209,0.0042,2.443,0.0042,0.0084,1.803,0.0753,0.0125,0.0042,2.7484,0.8701,0.0125,0.0167,1.0082,0.2761,0.3221,0.2343,0.5062,0.0042,0.0293,0.0251,0.1548,1.1462,2.8822,1.4432,1.2466,0.0878,1.1964,2.8237,0.0209,1.1588,1.9452,0.2175,1.393,0.4853,0.0084,1.6105,1.1713,0.1213,0.1046,0.8492,0.0293,0.6944,1.0082,0.0418,4.8818,0.0042,2.9659,0.4894,0.0251,0.0167,1.1629,0.0042,1.2382,1.0625,1.0165,0.0042,0.7321,0.0084,3.8444,0.0209,0.0251,0.1171,0.0335,1.6231,0.8994,0.1631
2025-11-12 15:01:35,0.0043,0.1579,0.3713,1.0839,0.0085,0.3713,1.2845,0.3243,0.0213,0.1195,0.0043,23.9652,8.1377,0.0043,0.0597,1.165,0.2475,0.1024,1.1052,0.5761,1.3527,2.0782,3.0469,0.7681,1.0199,0.0213,0.0043,2.4409,0.0043,0.0085,1.8051,0.0725,0.0128,0.0043,2.7481,0.8705,0.0128,0.0171,1.0071,0.2774,0.3243,0.2347,0.5078,0.0043,0.0299,0.0256,0.1579,1.1436,2.8804,1.4423,1.2461,0.0896,1.1991,2.8207,0.0171,1.1607,1.9459,0.2176,1.3954,0.4865,0.0085,1.6088,1.1735,0.1195,0.1024,0.8492,0.0299,0.6956,1.0071,0.0427,4.8775,0.0043,2.9658,0.4907,0.0256,0.0171,1.165,0.0043,1.2375,1.0626,1.0156,0.0043,0.734,0.0085,3.8406,0.0213,0.0256,0.1152,0.0299,1.6301,0.9047,0.1664
2025-11-12 16:00:38,0.0044,0.157,0.3706,1.0856,0.0087,0.3706,1.2862,0.3226,0.0174,0.1177,0.0044,23.9754,8.14,0.0044,0.061,1.1641,0.2485,0.1003,1.1031,0.5799,1.3516,2.0797,3.0476,0.7674,1.0202,0.0218,0.0044,2.4416,0.0044,0.0087,1.805,0.0741,0.0131,0.0044,2.7468,0.872,0.0131,0.0131,1.0072,0.279,0.3226,0.2311,0.5058,0.0044,0.0305,0.0262,0.157,1.1423,2.8819,1.4431,1.2469,0.0872,1.199,2.8253,0.0174,1.1597,1.9445,0.218,1.3952,0.484,0.0087,1.6132,1.1685,0.1221,0.1046,0.8502,0.0305,0.6932,1.0115,0.0392,4.8788,0.0044,2.9691,0.4883,0.0262,0.0174,1.1641,0.0044,1.2382,1.0638,1.0202,0.0044,0.7325,0.0087,3.8411,0.0218,0.0262,0.1177,0.0305,1.6175,0.8982,0.1657
2025-11-12 17:00:27,0.0045,0.1566,0.3758,1.0917,0.0089,0.3758,1.2841,0.3266,0.0179,0.1163,0.0045,23.9408,8.1876,0.0045,0.0582,1.1633,0.2505,0.1029,1.1051,0.5816,1.3512,2.076,3.0424,0.7695,1.029,0.0224,0.0045,2.4563,0.0045,0.0089,1.8165,0.0761,0.0134,0.0045,2.7426,0.8724,0.0134,0.0134,1.0111,0.2774,0.3266,0.2327,0.5056,0.0045,0.0268,0.0268,0.1566,1.1409,2.8768,1.4407,1.2438,0.0895,1.1946,2.8187,0.0179,1.1588,1.9417,0.2192,1.3914,0.4832,0.0089,1.6107,1.1677,0.1208,0.1029,0.8501,0.0313,0.6935,1.0067,0.0403,4.8723,0.0045,2.9618,0.4877,0.0268,0.0134,1.1633,0.0045,1.2348,1.0604,1.0156,0.0045,0.7337,0.0089,3.8388,0.0224,0.0224,0.1163,0.0313,1.6196,0.8993,0.1655
2025-11-12 18:02:42,0.0045,0.1561,0.3703,1.084,0.0089,0.3703,1.2848,0.3257,0.0178,0.116,0.0045,23.9784,8.1415,0.0045,0.058,1.1643,0.2498,0.1026,1.1064,0.5799,1.3517,2.0789,3.0469,0.7673,1.0216,0.0223,0.0045,2.4447,0.0045,0.0045,1.8023,0.0758,0.0134,0.0045,2.748,0.8699,0.0134,0.0134,1.0082,0.2766,0.3212,0.232,0.5041,0.0045,0.0268,0.0268,0.1561,1.1465,2.8819,1.4409,1.2491,0.0892,1.1956,2.8239,0.0178,1.1599,1.945,0.2186,1.3963,0.4863,0.0089,1.6105,1.1688,0.1204,0.1026,0.8521,0.0312,0.6959,1.0082,0.0401,4.8804,0.0045,2.9666,0.4907,0.0268,0.0134,1.1643,0.0045,1.2357,1.0617,1.0171,0.0045,0.7316,0.0089,3.8455,0.0223,0.0223,0.116,0.0312,1.6238,0.9011,0.1651
2025-11-12 19:01:01,0.0045,0.1559,0.3741,1.0866,0.0089,0.3741,1.2826,0.3251,0.0178,0.1158,0.0045,23.9724,8.1407,0.0045,0.0579,1.1623,0.2494,0.1024,1.1044,0.5789,1.3494,2.0797,3.0461,0.7704,1.0198,0.0223,0.0045,2.4449,0.0045,0.0089,1.8036,0.0757,0.0134,0.0045,2.7477,0.8729,0.0134,0.0134,1.0065,0.2761,0.3206,0.2316,0.5077,0.0045,0.0267,0.0267,0.1559,1.1445,2.8813,1.4429,1.2469,0.0891,1.198,2.8234,0.0178,1.1579,1.9461,0.2182,1.3939,0.4854,0.0089,1.6121,1.1712,0.1202,0.1024,0.8506,0.0312,0.6947,1.0109,0.0401,4.8809,0.0045,2.9659,0.4899,0.0267,0.0134,1.1623,0.0045,1.238,1.0599,1.0198,0.0045,0.7348,0.0089,3.8432,0.0223,0.0223,0.1158,0.0312,1.6255,0.8996,0.1648
2025-11-12 20:00:30,0.0045,0.1565,0.371,1.0863,0.0089,0.371,1.283,0.3219,0.0179,0.1162,0.0045,23.9741,8.1404,0.0045,0.0581,1.1623,0.2503,0.1028,1.1042,0.5767,1.35,2.0787,3.0487,0.7689,1.0237,0.0224,0.0045,2.4452,0.0045,0.0045,1.806,0.076,0.0134,0.0045,2.7492,0.8717,0.0134,0.0134,1.0058,0.2772,0.3219,0.2325,0.5051,0.0045,0.0268,0.0268,0.1565,1.1444,2.8833,1.4439,1.2472,0.0894,1.198,2.8207,0.0179,1.1578,1.9446,0.219,1.3947,0.4873,0.0089,1.6093,1.1712,0.1207,0.1028,0.8494,0.0313,0.6974,1.0103,0.0402,4.8771,0.0045,2.9683,0.4917,0.0268,0.0134,1.1623,0.0045,1.2383,1.0639,1.0192,0.0045,0.7331,0.0089,3.8444,0.0224,0.0224,0.1162,0.0313,1.6227,0.8985,0.1654
2025-11-12 21:00:20,0.0044,0.1578,0.3726,1.087,0.0088,0.3726,1.2842,0.3243,0.0175,0.1183,0.0044,23.9711,8.1394,0.0044,0.0614,1.1659,0.2498,0.1008,1.1045,0.5786,1.35,2.082,3.0462,0.767,1.0213,0.0219,0.0044,2.4414,0.0044,0.0088,1.8058,0.0745,0.0131,0.0044,2.7482,0.8722,0.0131,0.0131,1.0081,0.2761,0.3243,0.2323,0.5041,0.0044,0.0263,0.0263,0.1578,1.144,2.8797,1.442,1.2492,0.0877,1.1966,2.8227,0.0175,1.1615,1.9461,0.2192,1.3938,0.4865,0.0088,1.613,1.1703,0.1227,0.1052,0.8503,0.0307,0.6969,1.0081,0.0394,4.8784,0.0044,2.9673,0.4909,0.0263,0.0175,1.1615,0.0044,1.236,1.0607,1.0169,0.0044,0.732,0.0088,3.844,0.0219,0.0219,0.114,0.0307,1.6217,0.8985,0.1666
2025-11-12 22:01:05,0.0043,0.1555,0.3716,1.0845,0.0086,0.3716,1.2833,0.3241,0.0216,0.1167,0.0043,23.9673,8.1403,0.0043,0.0605,1.1623,0.2506,0.0994,1.1061,0.579,1.3524,2.0783,3.0461,0.7691,1.0197,0.0216,0.0043,2.4412,0.0043,0.0086,1.8018,0.0735,0.013,0.0043,2.748,0.8728,0.013,0.013,1.0067,0.2765,0.3241,0.2333,0.5055,0.0043,0.0302,0.0259,0.1555,1.145,2.882,1.4431,1.2487,0.0907,1.1969,2.8215,0.0173,1.158,1.9443,0.216,1.3956,0.4839,0.0086,1.6116,1.1709,0.121,0.1037,0.8512,0.0302,0.6956,1.0111,0.0432,4.8782,0.0043,2.9684,0.4882,0.0259,0.0173,1.1623,0.0043,1.2357,1.0629,1.0197,0.0043,0.7345,0.0086,3.8412,0.0216,0.0259,0.1167,0.0302,1.6289,0.903,0.1642
2025-11-12 23:01:34,0.0043,0.1595,0.3707,1.0863,0.0086,0.3707,1.2845,0.3233,0.0216,0.1164,0.0043,23.9752,8.1426,0.0043,0.0603,1.1638,0.25,0.0991,1.1035,0.5776,1.3492,2.082,3.0475,0.7673,1.0216,0.0216,0.0043,2.4441,0.0043,0.0086,1.8061,0.0733,0.0129,0.0043,2.7458,0.8707,0.0129,0.0129,1.0087,0.2759,0.3233,0.2328,0.5043,0.0043,0.0302,0.0259,0.1552,1.1423,2.8794,1.444,1.2457,0.0905,1.1983,2.8234,0.0172,1.1595,1.944,0.2198,1.3966,0.4871,0.0086,1.6121,1.1682,0.1207,0.1035,0.8492,0.0302,0.694,1.0087,0.0431,4.8795,0.0043,2.9656,0.4914,0.0259,0.0172,1.1638,0.0043,1.2371,1.0604,1.0173,0.0043,0.7328,0.0086,3.8407,0.0216,0.0259,0.1164,0.0302,1.6251,0.9009,0.1638
