timestamp,1emcy.wam,1wyyg.wam,35kos.c.wam,3xasq.wam,4nsqy.wam,5j1xs.wam,5nwvc.wam,5smug.wam,5vzbc.wam,a54us.wam,acab.wam,advobrovivek,afkow.c.wam,agysq.wam,ai1wo.wam,anouckgabin1,bd2si.wam,bg5t.wam,bulwu.wam,byxxo.wam,cakhm.wam,cfbqy.wam,chfaa.c.wam,cnbws.wam,cryptokisiel,djmhc.wam,dkid2.wam,e3.f4.wam,eu5b.wam,f.kre.wam,goodjobomm12,goyrc.wam,h2rbi.wam,h4tb.wam,ha4r.wam,hcnxe.wam,hmiha.wam,hpy.y.c.wam,isponline333,izngs.wam,jgyra.wam,juicymeloon3,jz12q.c.wam,k.pqy.wam,k1kaw.wam,kbcrc.wam,kijbk.wam,knifs.wam,krakenslappu,lagh2.wam,ldlr4.wam,m2txc.wam,mango1anchor,merqy.wam,mfacc5432111,mhrb2.wam,mijdw.wam,n5f4u.c.wam,neyau.wam,o1lra.wam,o3rcy.wam,ojor4.wam,owfqy.wam,owlaq.wam,p34r.wam,pdzmitryblr1,pfbqw.wam,prvipisonja1,pyprg.wam,qhiay.wam,qm3r2.wam,qwnem.wam,rde12.c.wam,rhcqu.wam,rjvbg.wam,rm2.k.wam,sn5wm.wam,sndxg.wam,ss4uk.wam,sxyqy.wam,szkg2.wam,tevhtftdbnde,thefoxslayer,tommyswallet,u1.xi.wam,v4.bc.wam,vacationless,vbvb2.wam,vfvek.wam,vniis.wam,vr2ng.c.wam,waxpiratesgg,wdqbc.wam,wirawantegar,wvldu.wam,wzbvk.wam,xwfaw.wam,y2qbs.wam,yeqbo.wam,ysqhk.wam,yszbo.wam,ztbba.wam,ztvf.wam,ztvtu.wam,zzeba.wam,ikqba.wam,1ocoq.c.wam,db1rc.wam,q1w2e3r4t5y1
2025-11-10 22:00:22,0.0468,2.0745,2.1888,1.5389,0.0728,4.1229,0.0156,0.5199,0.3795,0.1976,0.1768,0.1924,3.4002,0.0208,0.0156,0.3119,1.279,1.6585,0.0988,1.3986,0.0052,0.0156,2.9479,0.5147,0.26,0.3379,0.0156,0.4055,0.4731,0.0572,0.052,1.8457,5.8022,5.5527,0.1872,0.052,0.3067,0.0728,0.0884,2.0952,0.2392,1.5857,1.5233,1.7937,0.0364,0.0416,0.13,0.026,1.8145,0.0104,0.1664,1.4714,2.7399,1.9393,2.5632,0.6707,0.0052,1.331,3.9305,0.078,0.0884,0.0312,1.4973,0.2652,0.5563,3.2651,1.3466,0.0416,0.26,0.0728,1.4818,1.6949,1.6377,0.1872,3.2703,0.0832,0.0624,0.7279,0.104,0.052,1.6273,0.5771,2.1368,0.0624,0.0988,0.6967,0.0676,0.1976,0.0104,4.0969,2.0641,0.1456,1.6325,0.0416,0.0104,2.2564,0.0104,0.0208,3.0155,1.1958,0.0052,0.0156,0.0156,0.3743,0.0052,0.0,0.0,0.0,0.0
2025-11-10 23:03:10,0.0462,2.0658,2.1788,1.5365,0.0719,4.1059,0.0154,0.519,0.3751,0.1953,0.1799,0.1901,3.3864,0.0206,0.0206,0.3135,1.2744,1.6547,0.0976,1.3926,0.0051,0.0154,2.9342,0.5087,0.2569,0.334,0.0154,0.406,0.4676,0.0565,0.0514,1.8345,5.7348,5.5344,0.185,0.0514,0.3083,0.0771,0.0874,2.0863,0.2364,1.5776,1.5159,1.7883,0.036,0.0411,0.1285,0.0257,1.8088,0.0103,0.1696,1.4697,2.7287,1.9322,2.554,0.668,0.0051,1.3258,3.9157,0.0771,0.0874,0.0308,1.4954,0.2621,0.5498,3.2528,1.3412,0.0411,0.2621,0.0719,1.4748,1.6804,1.629,0.1901,3.258,0.0822,0.0617,0.7246,0.1028,0.0514,1.6238,0.5755,2.1274,0.0617,0.0976,0.6937,0.0668,0.2004,0.0103,4.0802,2.0606,0.1439,1.629,0.0411,0.0103,2.2456,0.0103,0.0206,3.0062,1.1922,0.0051,0.0154,0.0154,0.3751,0.0051,0.4317,0.0,0.0,0.0
2025-11-11 00:01:16,0.0467,2.0661,2.1803,1.5366,0.0675,4.1063,0.0156,0.5191,0.3738,0.1973,0.1765,0.1921,3.3847,0.0208,0.0156,0.3115,1.2719,1.656,0.0986,1.3913,0.0052,0.0156,2.9383,0.5087,0.2596,0.3374,0.0156,0.4049,0.4724,0.0571,0.0519,1.8377,5.7364,5.5339,0.1869,0.0519,0.3063,0.0727,0.0883,2.0869,0.2388,1.5782,1.5159,1.7858,0.0363,0.0415,0.1298,0.026,1.8066,0.0104,0.1661,1.4691,2.7306,1.9312,2.5541,0.6697,0.0052,1.3238,3.9142,0.0779,0.0883,0.0311,1.4951,0.2596,0.5503,3.2549,1.3394,0.0415,0.2596,0.0727,1.4743,1.682,1.6301,0.1869,3.2601,0.0831,0.0623,0.7268,0.1038,0.0519,1.6197,0.571,2.1284,0.0623,0.0986,0.6956,0.0675,0.1973,0.0104,4.0804,2.0609,0.1454,1.6249,0.0415,0.0104,2.2478,0.0104,0.0208,3.0058,1.194,0.0052,0.0156,0.0156,0.3738,0.0052,0.4309,0.0,0.0,0.0
2025-11-11 01:00:25,0.047,2.0682,2.1779,1.5355,0.0679,4.1051,0.0157,0.5223,0.376,0.1985,0.1776,0.1932,3.3843,0.0209,0.0157,0.3134,1.2744,1.6556,0.0992,1.3893,0.0052,0.0157,2.9352,0.5118,0.2559,0.3343,0.0157,0.4022,0.47,0.0575,0.0522,1.8332,5.7346,5.5309,0.188,0.0522,0.3081,0.0731,0.0888,2.0891,0.2402,1.5773,1.5146,1.7862,0.0366,0.0418,0.1306,0.0261,1.8071,0.0104,0.1671,1.4676,2.7315,1.9324,2.5539,0.6685,0.0052,1.3266,3.9118,0.0783,0.0888,0.0313,1.4937,0.2611,0.5536,3.2538,1.3422,0.0418,0.2611,0.0731,1.478,1.6817,1.6295,0.188,3.259,0.0836,0.0627,0.726,0.1045,0.0522,1.6191,0.5745,2.1309,0.0575,0.0992,0.6946,0.0679,0.1985,0.0104,4.079,2.0578,0.141,1.6243,0.0418,0.0104,2.2458,0.0104,0.0209,3.0031,1.1908,0.0052,0.0157,0.0157,0.376,0.0052,0.4335,0.0,0.0,0.0
2025-11-11 02:01:30,0.0466,2.0666,2.1806,1.5331,0.0725,4.1073,0.0155,0.5179,0.3729,0.1968,0.1761,0.1916,3.3874,0.0207,0.0155,0.3108,1.2741,1.6523,0.0984,1.3933,0.0052,0.0155,2.9368,0.5128,0.259,0.3367,0.0155,0.404,0.4713,0.057,0.0518,1.8387,5.7389,5.5317,0.1865,0.0518,0.3056,0.0725,0.0881,2.0873,0.2383,1.5797,1.5176,1.7869,0.0363,0.0414,0.1295,0.0259,1.8076,0.0104,0.1657,1.4658,2.7296,1.9319,2.5535,0.6682,0.0052,1.3259,3.9157,0.0777,0.0881,0.0311,1.4917,0.2642,0.549,3.2527,1.3415,0.0414,0.259,0.0725,1.4761,1.6833,1.6315,0.1865,3.2579,0.0829,0.0622,0.7251,0.1036,0.0518,1.6212,0.5749,2.1288,0.0622,0.0984,0.694,0.0673,0.202,0.0104,4.0762,2.0562,0.145,1.6264,0.0414,0.0104,2.2479,0.0104,0.0207,3.0041,1.1913,0.0052,0.0155,0.0155,0.3729,0.0052,0.4351,0.0,0.0,0.0
2025-11-11 03:00:33,0.0458,2.0664,2.1783,1.532,0.0713,4.1073,0.0153,0.5191,0.3766,0.1985,0.1781,0.1934,3.3846,0.0204,0.0204,0.3105,1.2724,1.6541,0.0967,1.3895,0.0051,0.0153,2.9367,0.509,0.2545,0.3359,0.0153,0.4021,0.4682,0.056,0.0509,1.8373,5.7716,5.5324,0.1883,0.0509,0.3054,0.0763,0.0916,2.0867,0.2392,1.5778,1.5167,1.7864,0.0356,0.0458,0.1272,0.0305,1.8068,0.0102,0.168,1.4658,2.728,1.9289,2.555,0.6667,0.0051,1.3233,3.9139,0.0814,0.0865,0.0305,1.4912,0.2596,0.5497,3.2522,1.3436,0.0407,0.2596,0.0763,1.476,1.6897,1.6287,0.1883,3.2573,0.0814,0.0611,0.7227,0.1018,0.0509,1.6236,0.5751,2.1274,0.0611,0.0967,0.6922,0.0662,0.1985,0.0102,4.0768,2.0562,0.1425,1.6287,0.0407,0.0102,2.2445,0.0102,0.0204,3.0029,1.191,0.0051,0.0153,0.0153,0.3715,0.0051,0.4326,0.0,0.0,0.0
2025-11-11 04:00:17,0.0458,2.0678,2.1799,1.5331,0.0713,4.1051,0.0153,0.5195,0.3769,0.1986,0.1783,0.1935,3.387,0.0204,0.0204,0.3107,1.2733,1.6553,0.0968,1.3904,0.0051,0.0153,2.9337,0.5093,0.2547,0.3362,0.0153,0.4024,0.4686,0.056,0.0509,1.8336,5.7655,5.5312,0.1884,0.0509,0.3056,0.0764,0.0917,2.0831,0.2394,1.5789,1.5178,1.7877,0.0357,0.0458,0.1273,0.0255,1.8081,0.0102,0.1681,1.4668,2.73,1.9303,2.5517,0.6672,0.0051,1.3242,3.9116,0.0815,0.0866,0.0306,1.4923,0.2598,0.5501,3.2546,1.3395,0.0407,0.2598,0.0764,1.477,1.6859,1.6298,0.1884,3.2597,0.0815,0.0611,0.7232,0.1019,0.0509,1.6196,0.5755,2.129,0.0611,0.0968,0.6927,0.0662,0.1986,0.0102,4.0797,2.0577,0.1426,1.6247,0.0407,0.0102,2.2461,0.0102,0.0204,3.005,1.1918,0.0051,0.0153,0.0153,0.3718,0.0051,0.4329,0.0,0.0,0.0
2025-11-11 05:00:18,0.0463,2.0684,2.1816,1.5333,0.072,4.106,0.0154,0.5197,0.3756,0.1955,0.1801,0.1904,3.3856,0.0206,0.0154,0.3139,1.2709,1.6517,0.0978,1.3892,0.0051,0.0154,2.9329,0.5094,0.2573,0.3344,0.0154,0.4013,0.4682,0.0566,0.0515,1.8369,5.7679,5.5313,0.1852,0.0515,0.3036,0.072,0.0926,2.0839,0.2367,1.5796,1.5179,1.7854,0.036,0.0412,0.1286,0.0257,1.806,0.0103,0.1698,1.4664,2.727,1.9295,2.5521,0.6689,0.0051,1.3275,3.9105,0.0772,0.0875,0.0309,1.4922,0.2624,0.5506,3.2519,1.3429,0.0412,0.2624,0.072,1.4767,1.6877,1.6311,0.1904,3.257,0.0823,0.0617,0.7255,0.1029,0.0515,1.6208,0.5711,2.1302,0.0617,0.0978,0.6946,0.0669,0.2007,0.0103,4.0803,2.0581,0.1441,1.6259,0.0412,0.0103,2.2434,0.0103,0.0206,3.0049,1.1937,0.0051,0.0154,0.0154,0.3756,0.0051,0.4322,0.0,0.0,0.0
2025-11-11 06:00:14,0.0461,2.0653,2.178,1.5323,0.0717,4.105,0.0154,0.5176,0.3741,0.1947,0.1794,0.1896,3.3875,0.0205,0.0205,0.3126,1.2709,1.6553,0.0974,1.3888,0.0051,0.0154,2.9365,0.5125,0.2562,0.3382,0.0154,0.4049,0.4715,0.0564,0.0512,1.8347,5.75,5.5296,0.1845,0.0512,0.3075,0.0769,0.0922,2.0858,0.2409,1.5784,1.5169,1.7886,0.0359,0.041,0.1281,0.0256,1.8091,0.0102,0.1691,1.4657,2.7315,1.932,2.5521,0.6662,0.0051,1.3273,3.9102,0.082,0.0871,0.0307,1.4913,0.2614,0.5535,3.2542,1.3427,0.041,0.2614,0.0769,1.4759,1.6861,1.6297,0.1896,3.2594,0.082,0.0615,0.7226,0.1025,0.0512,1.6194,0.574,2.1268,0.0615,0.0974,0.6918,0.0666,0.1999,0.0102,4.0793,2.0602,0.1435,1.6246,0.041,0.0102,2.2447,0.0102,0.0205,3.0031,1.1941,0.0051,0.0154,0.0154,0.3741,0.0051,0.4305,0.0,0.0,0.0
2025-11-11 07:00:18,0.0464,2.0689,2.1824,1.5323,0.0722,4.1069,0.0155,0.5211,0.3766,0.1961,0.1754,0.1909,3.3846,0.0206,0.0155,0.3096,1.2744,1.6562,0.098,1.393,0.0052,0.0155,2.9357,0.5108,0.258,0.3354,0.0155,0.4024,0.4695,0.0568,0.0516,1.8368,5.7528,5.5309,0.1857,0.0516,0.3044,0.0722,0.0877,2.0844,0.2373,1.5788,1.5169,1.7903,0.0361,0.0413,0.129,0.0258,1.811,0.0103,0.1703,1.4653,2.7293,1.9296,2.5539,0.6656,0.0052,1.326,3.916,0.0774,0.0877,0.031,1.4911,0.2631,0.5521,3.2556,1.3415,0.0413,0.258,0.0722,1.4756,1.682,1.6304,0.1857,3.2608,0.0826,0.0619,0.7223,0.1032,0.0516,1.6201,0.5727,2.1308,0.0619,0.098,0.6965,0.0671,0.2012,0.0103,4.0811,2.0586,0.1445,1.6252,0.0413,0.0103,2.2444,0.0103,0.0206,3.0028,1.1918,0.0052,0.0155,0.0155,0.3715,0.0052,0.4334,0.0,0.0,0.0
2025-11-11 08:00:15,0.0459,2.0661,2.1783,1.5356,0.0714,4.1067,0.0153,0.5204,0.3775,0.199,0.1786,0.1939,3.3874,0.0204,0.0204,0.3112,1.2754,1.6529,0.0969,1.3927,0.0051,0.0153,2.9334,0.5102,0.2551,0.3367,0.0153,0.403,0.4693,0.0561,0.051,1.8365,5.7494,5.53,0.1888,0.051,0.3061,0.0765,0.0918,2.0865,0.2398,1.5815,1.5152,1.7855,0.0357,0.0459,0.1275,0.0255,1.8059,0.0102,0.1684,1.4692,2.7293,1.9284,2.5508,0.6683,0.0051,1.3264,3.9129,0.0816,0.0867,0.0306,1.4947,0.2602,0.551,3.2548,1.3417,0.0408,0.2602,0.0765,1.4743,1.6835,1.6274,0.1888,3.2599,0.0816,0.0612,0.7244,0.102,0.051,1.6223,0.5714,2.1273,0.0612,0.0969,0.6938,0.0663,0.199,0.0102,4.0761,2.0559,0.1428,1.6274,0.0408,0.0102,2.2447,0.0102,0.0204,3.0048,1.1938,0.0051,0.0153,0.0153,0.3724,0.0051,0.4336,0.0,0.0,0.0
2025-11-11 09:00:15,0.0449,2.0648,2.1796,1.5362,0.0698,4.1047,0.015,0.5187,0.3741,0.1945,0.1796,0.1895,3.3865,0.02,0.02,0.3092,1.2718,1.6559,0.0998,1.3915,0.005,0.015,2.9377,0.5087,0.2544,0.3342,0.015,0.404,0.4688,0.0549,0.0499,1.8354,5.7606,5.5312,0.1895,0.0499,0.3042,0.0748,0.0898,2.0848,0.2394,1.581,1.5162,1.7855,0.0349,0.0449,0.1297,0.0299,1.8105,0.01,0.1696,1.4663,2.7282,1.9302,2.5536,0.6683,0.005,1.3267,3.9152,0.0798,0.0898,0.0299,1.4913,0.2594,0.5536,3.2519,1.3416,0.0399,0.2594,0.0748,1.4763,1.6858,1.6309,0.1895,3.2569,0.0798,0.0599,0.7232,0.1047,0.0499,1.6209,0.5736,2.1297,0.0599,0.0998,0.6933,0.0698,0.1995,0.01,4.0798,2.0599,0.1446,1.6259,0.0399,0.01,2.2444,0.01,0.02,3.0025,1.192,0.005,0.015,0.015,0.3741,0.005,0.4339,0.0,0.0,0.0
2025-11-11 10:00:19,0.0442,2.0668,2.1797,1.5366,0.0687,4.109,0.0147,0.5204,0.378,0.1964,0.1767,0.1915,3.3873,0.0196,0.0196,0.3142,1.2715,1.6544,0.0982,1.3893,0.0049,0.0147,2.9357,0.5106,0.2553,0.3338,0.0147,0.4026,0.4713,0.054,0.0491,1.836,5.7585,5.5326,0.1865,0.054,0.3044,0.0736,0.0884,2.0864,0.2405,1.5808,1.5169,1.7869,0.0344,0.0442,0.1276,0.0295,1.8115,0.0098,0.1669,1.4678,2.7295,1.9293,2.5528,0.6676,0.0049,1.3255,3.9126,0.0785,0.0884,0.0295,1.4924,0.2602,0.5498,3.2548,1.3402,0.0393,0.2602,0.0736,1.4777,1.6838,1.6298,0.1865,3.2597,0.0835,0.0589,0.7266,0.1031,0.0491,1.62,0.5744,2.1306,0.0589,0.0982,0.6922,0.0687,0.2013,0.0098,4.0795,2.0569,0.1424,1.6249,0.0393,0.0098,2.2484,0.0098,0.0196,3.0044,1.1929,0.0049,0.0147,0.0147,0.3731,0.0049,0.432,0.0049,0.0,0.0
2025-11-11 11:00:16,0.0441,2.0664,2.179,1.5327,0.0686,4.1083,0.0147,0.519,0.377,0.1959,0.1763,0.191,3.3885,0.0196,0.0196,0.3134,1.2731,1.6551,0.0979,1.3907,0.0049,0.0147,2.938,0.5093,0.2546,0.3379,0.0147,0.4015,0.4701,0.0539,0.049,1.8363,5.7585,5.5332,0.1861,0.0539,0.3036,0.0735,0.0881,2.086,0.2399,1.5816,1.518,1.7873,0.0343,0.0441,0.1273,0.0294,1.8069,0.0098,0.1665,1.469,2.7323,1.9293,2.5512,0.6659,0.0049,1.327,3.9124,0.0783,0.0881,0.0294,1.4935,0.2595,0.5533,3.2563,1.3417,0.0392,0.2595,0.0735,1.4739,1.6845,1.6306,0.1861,3.2612,0.0832,0.0588,0.7247,0.1028,0.0539,1.6208,0.5729,2.1301,0.0588,0.0979,0.6953,0.0686,0.2008,0.0098,4.0789,2.0566,0.142,1.6257,0.0392,0.0098,2.2476,0.0098,0.0196,3.0066,1.1948,0.0049,0.0147,0.0147,0.3721,0.0049,0.4309,0.0049,0.0,0.0
2025-11-11 12:00:15,0.0444,2.0682,2.1817,1.5351,0.0691,4.1068,0.0148,0.5183,0.3751,0.1974,0.1777,0.1925,3.3861,0.0197,0.0197,0.311,1.2735,1.6536,0.0987,1.392,0.0049,0.0148,2.937,0.5084,0.2567,0.3357,0.0148,0.4048,0.4689,0.0543,0.0494,1.8362,5.7555,5.5333,0.1876,0.0543,0.306,0.074,0.0888,2.088,0.2369,1.5795,1.5154,1.7869,0.0346,0.0444,0.1283,0.0296,1.8066,0.0099,0.1678,1.466,2.7297,1.93,2.552,0.6664,0.0049,1.3278,3.9143,0.079,0.0888,0.0296,1.4907,0.2616,0.5528,3.2529,1.3426,0.0395,0.2616,0.074,1.4759,1.6832,1.6289,0.1876,3.2578,0.079,0.0592,0.7256,0.1037,0.0494,1.624,0.5726,2.1274,0.0592,0.0987,0.696,0.0691,0.1974,0.0099,4.0772,2.0583,0.1431,1.624,0.0395,0.0099,2.2459,0.0099,0.0197,3.0061,1.1945,0.0049,0.0148,0.0148,0.3751,0.0049,0.4344,0.0049,0.0,0.0
2025-11-11 13:01:15,0.0457,2.066,2.1777,1.533,0.0711,4.1066,0.0152,0.5178,0.3756,0.198,0.1777,0.1929,3.3858,0.0203,0.0203,0.3096,1.2741,1.6548,0.0964,1.3909,0.0051,0.0152,2.934,0.5127,0.2589,0.335,0.0152,0.401,0.4721,0.0558,0.0508,1.8376,5.7563,5.533,0.1878,0.0508,0.3046,0.0761,0.0914,2.0863,0.2386,1.5787,1.5178,1.7868,0.0355,0.0457,0.1269,0.0305,1.8071,0.0102,0.1675,1.467,2.731,1.9289,2.5533,0.6701,0.0051,1.3249,3.9137,0.0812,0.0863,0.0305,1.4924,0.264,0.5533,3.2538,1.3401,0.0406,0.2589,0.0761,1.4772,1.6853,1.6294,0.1878,3.2589,0.0812,0.0609,0.7259,0.1015,0.0508,1.6193,0.5736,2.1269,0.0609,0.0964,0.6954,0.066,0.198,0.0102,4.0761,2.0558,0.1421,1.6244,0.0406,0.0102,2.2437,0.0102,0.0203,3.0051,1.1929,0.0051,0.0152,0.0152,0.3756,0.0051,0.4315,0.0,0.0,0.0
2025-11-11 14:01:12,0.0462,2.0686,2.1815,1.5348,0.0719,4.1064,0.0154,0.5184,0.3747,0.1951,0.1797,0.1899,3.3877,0.0205,0.0205,0.3131,1.273,1.6528,0.0975,1.391,0.0051,0.0154,2.936,0.5133,0.2566,0.3388,0.0154,0.4055,0.4722,0.0565,0.0513,1.8376,5.7232,5.5333,0.1848,0.0513,0.308,0.077,0.0873,2.0891,0.2412,1.5809,1.5194,1.7863,0.0359,0.0411,0.1283,0.0257,1.8068,0.0103,0.1694,1.468,2.7307,1.93,2.5511,0.6673,0.0051,1.3243,3.9164,0.077,0.0873,0.0308,1.4937,0.2618,0.5492,3.2543,1.3397,0.0411,0.2618,0.0719,1.4783,1.6785,1.6271,0.1899,3.2594,0.0821,0.0616,0.7237,0.1027,0.0513,1.622,0.5749,2.1302,0.0616,0.0975,0.6929,0.0667,0.2002,0.0103,4.0807,2.0583,0.1437,1.6271,0.0411,0.0103,2.2482,0.0103,0.0205,3.0079,1.1908,0.0051,0.0154,0.0154,0.3747,0.0051,0.4312,0.0,0.0,0.0
2025-11-11 15:01:43,0.0461,2.0678,2.1804,1.5355,0.0717,4.1048,0.0154,0.5221,0.3736,0.1945,0.1791,0.1894,3.3883,0.0205,0.0205,0.3122,1.2744,1.6532,0.0972,1.3922,0.0051,0.0154,2.9327,0.5118,0.2559,0.3378,0.0154,0.4043,0.4709,0.0563,0.0512,1.8374,5.7273,5.5328,0.1894,0.0512,0.3071,0.0768,0.087,2.0882,0.2406,1.5815,1.515,1.7863,0.0358,0.0461,0.128,0.0256,1.8067,0.0102,0.1689,1.4689,2.728,1.9296,2.554,0.6654,0.0051,1.3256,3.9154,0.0819,0.087,0.0307,1.4945,0.261,0.5528,3.2552,1.341,0.0409,0.261,0.0768,1.4741,1.6788,1.6276,0.1894,3.2603,0.0819,0.0614,0.7217,0.1024,0.0512,1.6225,0.5732,2.1292,0.0614,0.0972,0.6961,0.0665,0.1996,0.0102,4.0792,2.0575,0.1433,1.6276,0.0409,0.0102,2.2469,0.0102,0.0205,3.0044,1.1925,0.0051,0.0154,0.0154,0.3736,0.0051,0.435,0.0,0.0,0.0
2025-11-11 16:00:31,0.0465,2.0685,2.1771,1.5358,0.0724,4.1059,0.0155,0.5223,0.3775,0.1965,0.1758,0.1913,3.3871,0.0207,0.0155,0.3103,1.2721,1.6548,0.0983,1.391,0.0052,0.0155,2.9372,0.5119,0.2586,0.3361,0.0155,0.4034,0.4706,0.0569,0.0517,1.8358,5.7452,5.5331,0.1862,0.0517,0.3051,0.0724,0.0879,2.0892,0.2379,1.5772,1.5152,1.7892,0.0362,0.0414,0.1293,0.0259,1.8099,0.0103,0.1655,1.4686,2.7304,1.9288,2.5546,0.6671,0.0052,1.3238,3.9146,0.0776,0.0879,0.031,1.4945,0.2637,0.5533,3.2527,1.3393,0.0414,0.2586,0.0724,1.4738,1.6806,1.6289,0.1862,3.2578,0.0827,0.0621,0.724,0.1034,0.0517,1.6237,0.574,2.1305,0.0621,0.0983,0.6929,0.0672,0.2017,0.0103,4.08,2.0581,0.1448,1.6237,0.0414,0.0103,2.2443,0.0103,0.0207,3.0044,1.1945,0.0052,0.0155,0.0155,0.3723,0.0052,0.4344,0.0,0.0,0.0
2025-11-11 17:00:33,0.0453,2.068,2.1787,1.5347,0.0704,4.1059,0.0151,0.5183,0.3774,0.1962,0.1761,0.1912,3.3863,0.0201,0.0201,0.312,1.273,1.6554,0.0956,1.3887,0.005,0.0151,2.9335,0.5082,0.2566,0.3371,0.0151,0.4025,0.4679,0.0553,0.0503,1.8366,5.7462,5.5349,0.1862,0.0503,0.3069,0.0755,0.0906,2.0882,0.2365,1.58,1.5196,1.7863,0.0352,0.0453,0.1308,0.0302,1.8064,0.0101,0.166,1.4693,2.7322,1.9322,2.5511,0.6692,0.005,1.3233,3.9147,0.0805,0.0855,0.0302,1.4944,0.2616,0.5535,3.2555,1.3435,0.0403,0.2616,0.0755,1.4743,1.6856,1.6303,0.1862,3.2605,0.0805,0.0604,0.7246,0.1006,0.0503,1.6202,0.5736,2.1284,0.0604,0.1006,0.6944,0.0704,0.2013,0.0101,4.0807,2.058,0.1409,1.6252,0.0403,0.0101,2.2441,0.0101,0.0201,3.0039,1.1925,0.005,0.0151,0.0151,0.3723,0.005,0.4327,0.0,0.0,0.0
2025-11-11 18:00:44,0.0454,2.0661,2.182,1.5319,0.0706,4.107,0.0151,0.519,0.3779,0.1965,0.1764,0.1915,3.3864,0.0202,0.0202,0.3124,1.2749,1.6529,0.0957,1.3908,0.005,0.0151,2.9329,0.509,0.257,0.3376,0.0151,0.4031,0.4687,0.0554,0.0504,1.8343,5.7448,5.5332,0.1865,0.0504,0.3074,0.0756,0.0907,2.0863,0.2368,1.5773,1.5168,1.789,0.0353,0.0454,0.131,0.0302,1.8091,0.0101,0.1663,1.4664,2.7313,1.9301,2.5549,0.6702,0.005,1.3253,3.9155,0.0806,0.0857,0.0302,1.4916,0.262,0.5493,3.2554,1.3405,0.0403,0.262,0.0756,1.4765,1.6831,1.6277,0.1865,3.2604,0.0806,0.0605,0.7257,0.1008,0.0504,1.6227,0.5745,2.1266,0.0605,0.1008,0.6954,0.0706,0.2016,0.0101,4.0768,2.056,0.1411,1.6277,0.0403,0.0101,2.2475,0.0101,0.0202,3.0034,1.1943,0.005,0.0151,0.0151,0.3729,0.005,0.4334,0.0,0.0,0.0
2025-11-11 19:00:26,0.0458,2.0682,2.1802,1.5333,0.0713,4.1058,0.0153,0.5196,0.377,0.1987,0.1783,0.1936,3.3875,0.0204,0.0204,0.3107,1.2735,1.6555,0.0968,1.3907,0.0051,0.0153,2.9341,0.5094,0.2547,0.3362,0.0153,0.4024,0.4686,0.056,0.0509,1.8338,5.746,5.5321,0.1885,0.0509,0.3056,0.0764,0.0917,2.0885,0.2394,1.5791,1.518,1.788,0.0357,0.0458,0.1273,0.0306,1.8084,0.0102,0.1681,1.4671,2.7304,1.9306,2.5521,0.6673,0.0051,1.3244,3.9122,0.0815,0.0866,0.0306,1.4925,0.2598,0.5502,3.2551,1.3397,0.0408,0.2598,0.0764,1.4773,1.681,1.6301,0.1885,3.2601,0.0815,0.0611,0.7233,0.1019,0.0509,1.6199,0.5756,2.1293,0.0611,0.0968,0.6928,0.0662,0.1987,0.0102,4.0803,2.058,0.1426,1.625,0.0408,0.0102,2.2464,0.0102,0.0204,3.0055,1.192,0.0051,0.0153,0.0153,0.3719,0.0051,0.433,0.0,0.0,0.0
2025-11-11 20:00:49,0.0461,2.0637,2.1815,1.5311,0.0717,4.1069,0.0154,0.5223,0.3738,0.1946,0.1792,0.1895,3.3849,0.0205,0.0205,0.3124,1.2751,1.654,0.0973,1.3929,0.0051,0.0154,2.9342,0.5121,0.256,0.338,0.0154,0.4045,0.4711,0.0563,0.0512,1.8333,5.7405,5.5305,0.1895,0.0512,0.3073,0.0768,0.0922,2.0842,0.2407,1.5772,1.5158,1.7872,0.0358,0.0461,0.128,0.0256,1.8077,0.0102,0.169,1.4646,2.7294,1.9306,2.5502,0.6657,0.0051,1.3263,3.9123,0.0819,0.0871,0.0307,1.4902,0.2612,0.5531,3.2517,1.3417,0.041,0.2612,0.0768,1.4748,1.6848,1.6284,0.1895,3.2569,0.0819,0.0615,0.722,0.1024,0.0512,1.6233,0.5735,2.1303,0.0615,0.0973,0.6964,0.0666,0.1997,0.0102,4.0762,2.0586,0.1434,1.6284,0.041,0.0102,2.2481,0.0102,0.0205,3.0059,1.1932,0.0051,0.0154,0.0154,0.3738,0.0051,0.4353,0.0,0.0,0.0
2025-11-11 21:00:22,0.0455,2.0379,2.1492,1.512,0.0708,4.0506,0.0152,0.5158,0.3692,0.1922,0.177,0.1871,3.3426,0.0202,0.0202,0.3085,1.2541,1.6334,0.0961,1.3704,0.0051,0.0152,2.8976,0.5006,0.2528,0.3287,0.0152,0.3995,0.4652,0.0556,0.0506,1.8104,5.7446,5.4564,0.182,0.0506,0.3034,0.0759,0.091,2.0531,0.2326,1.5575,1.4968,1.7649,0.0354,0.0405,0.1264,0.0253,1.7851,0.0101,0.1669,1.4463,2.6903,1.9064,2.5183,0.6574,0.0051,1.3097,3.8584,0.0759,0.086,0.0303,1.4716,0.2579,0.5461,3.2111,1.3249,0.0405,0.2579,0.0759,1.4564,1.6738,1.6081,0.1871,3.2162,0.0809,0.0607,0.713,0.1011,0.0506,1.598,0.5664,2.0986,0.0607,0.0961,0.6827,0.0657,0.1972,0.0101,4.0253,2.0329,0.1416,1.603,0.0405,0.0101,2.2149,0.0101,0.0202,2.9583,1.1732,0.0051,0.0152,0.0152,0.3692,0.0051,0.4248,0.0,1.2794,0.0
2025-11-11 22:00:20,0.0462,2.0359,2.1487,1.5128,0.0667,4.0513,0.0154,0.5128,0.3692,0.1949,0.1744,0.1897,3.3385,0.0205,0.0154,0.3077,1.2564,1.6308,0.0974,1.3744,0.0051,0.0154,2.8974,0.5026,0.2513,0.3333,0.0154,0.4,0.4615,0.0564,0.0513,1.8103,5.7436,5.4564,0.1846,0.0513,0.3026,0.0718,0.0923,2.0564,0.2359,1.559,1.4974,1.7641,0.0359,0.041,0.1282,0.0256,1.7846,0.0103,0.1641,1.4462,2.6923,1.9026,2.5179,0.6564,0.0051,1.3077,3.8615,0.0769,0.0872,0.0308,1.4718,0.2564,0.5436,3.2103,1.3231,0.041,0.2564,0.0718,1.4564,1.6769,1.6051,0.1846,3.2154,0.0821,0.0615,0.7128,0.1026,0.0513,1.6,0.5641,2.1026,0.0564,0.0974,0.6821,0.0667,0.1949,0.0103,4.0256,2.0308,0.1436,1.6051,0.041,0.0103,2.2154,0.0103,0.0205,2.959,1.1744,0.0051,0.0154,0.0154,0.3692,0.0051,0.4256,0.0,1.2821,0.0
2025-11-11 23:02:00,0.0464,2.0667,2.1801,1.5307,0.0722,4.1025,0.0155,0.5205,0.3762,0.1958,0.1752,0.1907,3.3861,0.0206,0.0155,0.3092,1.273,1.6544,0.0979,1.3915,0.0052,0.0155,2.9325,0.5102,0.2577,0.335,0.0155,0.402,0.469,0.0567,0.0515,1.8348,5.7981,5.5301,0.1855,0.0515,0.3041,0.0722,0.0928,2.0822,0.2371,1.5771,1.5152,1.7884,0.0361,0.0412,0.1288,0.0258,1.809,0.0103,0.1701,1.4688,2.7264,1.9275,2.5512,0.6648,0.0052,1.3245,3.9118,0.0773,0.0876,0.0309,1.4895,0.2628,0.5515,3.2521,1.34,0.0412,0.2577,0.0722,1.474,1.6905,1.6286,0.1855,3.2572,0.0825,0.0618,0.7215,0.1031,0.0515,1.6183,0.5721,2.1285,0.0618,0.0979,0.6906,0.067,0.201,0.0103,4.0767,2.0564,0.1443,1.6235,0.0412,0.0103,2.2419,0.0103,0.0206,2.9995,1.1905,0.0052,0.0155,0.0155,0.3711,0.0052,0.4329,0.0,0.0,0.0309
2025-11-12 00:00:44,0.0468,2.0657,2.1801,1.5349,0.0676,4.1053,0.0156,0.5203,0.3746,0.1977,0.1769,0.1925,3.3821,0.0208,0.0156,0.3122,1.2696,1.6546,0.0989,1.3893,0.0052,0.0156,2.9346,0.5099,0.255,0.333,0.0156,0.4006,0.4683,0.0572,0.052,1.8367,5.8016,5.5258,0.1873,0.052,0.307,0.0728,0.0885,2.0813,0.2393,1.5766,1.5141,1.7847,0.0364,0.0416,0.1301,0.026,1.8055,0.0104,0.1665,1.4673,2.7265,1.9304,2.5496,0.666,0.0052,1.3268,3.9076,0.078,0.0885,0.0312,1.4933,0.2602,0.5515,3.252,1.3424,0.0416,0.2602,0.0728,1.4725,1.691,1.6286,0.1873,3.2572,0.0833,0.0624,0.7232,0.1041,0.052,1.6182,0.5724,2.1281,0.0572,0.0989,0.692,0.0676,0.1977,0.0104,4.0741,2.0553,0.1457,1.6234,0.0416,0.0104,2.2426,0.0104,0.0208,2.997,1.1915,0.0052,0.0156,0.0156,0.3746,0.0052,0.4319,0.0,0.0,0.0312
2025-11-12 01:01:22,0.0462,2.0645,2.1775,1.5304,0.0719,4.1033,0.0154,0.5187,0.3749,0.1952,0.1797,0.19,3.3843,0.0205,0.0154,0.3133,1.2736,1.6537,0.0976,1.3917,0.0051,0.0154,2.9324,0.5084,0.2568,0.3338,0.0154,0.4006,0.4673,0.0565,0.0514,1.8334,5.7981,5.5259,0.1849,0.0514,0.303,0.077,0.0924,2.0799,0.2362,1.5766,1.515,1.7872,0.0359,0.0411,0.1284,0.0257,1.8077,0.0103,0.1695,1.4688,2.727,1.931,2.5524,0.6676,0.0051,1.325,3.9082,0.077,0.0873,0.0308,1.4893,0.2619,0.5495,3.2508,1.3404,0.0411,0.2619,0.0719,1.4739,1.6947,1.628,0.19,3.256,0.0822,0.0616,0.7241,0.1027,0.0514,1.6228,0.5752,2.1261,0.0616,0.0976,0.6933,0.0668,0.2003,0.0103,4.0776,2.0542,0.1438,1.6228,0.0411,0.0103,2.2442,0.0103,0.0205,2.9992,1.1915,0.0051,0.0154,0.0154,0.3749,0.0051,0.4314,0.0,0.0,0.0308
2025-11-12 02:00:22,0.0445,2.0639,2.1778,1.5343,0.0693,4.1031,0.0148,0.5197,0.3762,0.198,0.1782,0.193,3.3855,0.0198,0.0198,0.3118,1.272,1.6531,0.099,1.3908,0.0049,0.0148,2.9351,0.5098,0.2574,0.3366,0.0148,0.4009,0.4702,0.0544,0.0495,1.8363,5.7959,5.5286,0.1881,0.0495,0.3069,0.0742,0.0891,2.0837,0.2376,1.5789,1.5146,1.7868,0.0346,0.0445,0.1287,0.0297,1.8066,0.0099,0.1683,1.4651,2.7272,1.9303,2.549,0.6682,0.0049,1.3265,3.9101,0.0792,0.0891,0.0297,1.4898,0.2623,0.5494,3.2518,1.3413,0.0396,0.2623,0.0742,1.475,1.6927,1.6284,0.1881,3.2568,0.0792,0.0594,0.7226,0.1039,0.0495,1.6185,0.5741,2.1283,0.0594,0.099,0.6929,0.0693,0.198,0.0099,4.0735,2.054,0.1435,1.6234,0.0396,0.0099,2.2421,0.0099,0.0198,2.9994,1.1928,0.0049,0.0148,0.0148,0.3712,0.0049,0.4306,0.0,0.0,0.0297
2025-11-12 03:00:31,0.0443,2.066,2.1792,1.5348,0.0689,4.1025,0.0148,0.5214,0.3739,0.1968,0.1771,0.1918,3.3843,0.0197,0.0197,0.3099,1.274,1.6528,0.0984,1.3921,0.0049,0.0148,2.9318,0.5116,0.2558,0.3345,0.0148,0.4034,0.4673,0.0541,0.0492,1.8348,5.7996,5.529,0.1869,0.0541,0.305,0.0738,0.0885,2.0808,0.2361,1.579,1.5151,1.7856,0.0344,0.0443,0.1279,0.0295,1.8053,0.0098,0.1672,1.4659,2.7301,1.9283,2.553,0.669,0.0049,1.3232,3.9107,0.0787,0.0885,0.0295,1.4905,0.2607,0.5509,3.2515,1.3429,0.0394,0.2607,0.0738,1.4757,1.6922,1.6282,0.1869,3.2564,0.0836,0.059,0.7231,0.1033,0.0492,1.6184,0.5706,2.13,0.059,0.0984,0.6936,0.0689,0.1968,0.0098,4.0779,2.0562,0.1427,1.6233,0.0394,0.0098,2.2431,0.0098,0.0197,3.0006,1.1904,0.0049,0.0148,0.0148,0.3739,0.0049,0.4329,0.0049,0.0,0.0295
2025-11-12 04:00:35,0.0441,2.0642,2.177,1.5347,0.0686,4.1039,0.0147,0.5197,0.3775,0.1961,0.1765,0.1912,3.3832,0.0196,0.0196,0.3138,1.2699,1.6524,0.0981,1.3925,0.0049,0.0147,2.9321,0.5099,0.255,0.3334,0.0147,0.4021,0.4707,0.0539,0.049,1.8338,5.8004,5.5308,0.1863,0.0539,0.304,0.0735,0.0932,2.0838,0.2403,1.5788,1.5151,1.7848,0.0343,0.0441,0.1275,0.0294,1.8093,0.0098,0.1667,1.466,2.7262,1.9318,2.5496,0.6668,0.0049,1.3239,3.9127,0.0785,0.0883,0.0294,1.4906,0.2599,0.5492,3.2508,1.3386,0.0392,0.2599,0.0735,1.4759,1.6916,1.6278,0.1863,3.2557,0.0834,0.0588,0.7257,0.103,0.049,1.6229,0.5737,2.128,0.0588,0.0981,0.6913,0.0686,0.201,0.0098,4.0745,2.0593,0.1422,1.6229,0.0392,0.0098,2.2456,0.0098,0.0196,3.0007,1.1915,0.0049,0.0147,0.0147,0.3726,0.0049,0.4315,0.0049,0.0,0.0294
2025-11-12 05:00:26,0.0444,2.066,2.1794,1.5335,0.069,4.1024,0.0148,0.5177,0.3747,0.1972,0.1775,0.1923,3.3825,0.0197,0.0197,0.3106,1.2721,1.6518,0.0986,1.3905,0.0049,0.0148,2.9338,0.5079,0.2564,0.3353,0.0148,0.4043,0.4684,0.0542,0.0493,1.8342,5.7985,5.5273,0.1874,0.0542,0.3057,0.074,0.0888,2.0808,0.2367,1.5778,1.5187,1.7849,0.0345,0.0444,0.1282,0.0296,1.8046,0.0099,0.1676,1.4644,2.7267,1.9279,2.5492,0.6656,0.0049,1.3264,3.9101,0.0789,0.0888,0.0296,1.494,0.2613,0.5522,3.2543,1.3412,0.0394,0.2613,0.074,1.4743,1.6912,1.6271,0.1874,3.2543,0.0789,0.0592,0.7248,0.1035,0.0493,1.6222,0.572,2.1301,0.0592,0.0986,0.6952,0.069,0.1972,0.0099,4.0777,2.0561,0.143,1.6271,0.0394,0.0099,2.2435,0.0099,0.0197,2.9979,1.1932,0.0049,0.0148,0.0148,0.3747,0.0049,0.4339,0.0049,0.0,0.0296
2025-11-12 06:00:37,0.0432,2.0669,2.1772,1.5346,0.0719,4.1051,0.0144,0.5179,0.3741,0.1966,0.1774,0.1918,3.3858,0.0192,0.0192,0.3117,1.2709,1.6545,0.0959,1.3908,0.0048,0.0144,2.935,0.5083,0.2542,0.3357,0.0144,0.4028,0.47,0.0575,0.0528,1.832,5.798,5.5294,0.187,0.0528,0.3069,0.0767,0.0911,2.0813,0.2398,1.5778,1.5154,1.7888,0.0336,0.0432,0.1295,0.0288,1.808,0.0096,0.1678,1.4675,2.7288,1.9279,2.5513,0.6666,0.0048,1.3236,3.9085,0.0815,0.0863,0.0288,1.4915,0.2638,0.5515,3.2515,1.338,0.0384,0.259,0.0719,1.4723,1.6929,1.6257,0.187,3.2563,0.0815,0.0623,0.7242,0.1007,0.0528,1.6209,0.5707,2.1293,0.0575,0.1007,0.6906,0.0671,0.1966,0.0096,4.0763,2.0574,0.1439,1.6257,0.0384,0.0096,2.2444,0.0144,0.0192,2.9973,1.1893,0.0048,0.0144,0.0144,0.3741,0.0048,0.4316,0.0048,0.0,0.0288
2025-11-12 07:01:04,0.0442,2.0636,2.1766,1.5329,0.0688,4.1026,0.0147,0.5208,0.3734,0.1965,0.1769,0.1916,3.3853,0.0197,0.0197,0.3095,1.2725,1.6509,0.0983,1.3905,0.0049,0.0147,2.9332,0.511,0.2555,0.3341,0.0147,0.4029,0.4717,0.054,0.0491,1.8327,5.7977,5.5274,0.1867,0.054,0.3046,0.0737,0.0884,2.0832,0.2358,1.5772,1.5182,1.7884,0.0344,0.0442,0.1277,0.0295,1.8081,0.0098,0.1671,1.4642,2.7269,1.9309,2.55,0.6682,0.0049,1.3266,3.911,0.0786,0.0884,0.0295,1.4936,0.2604,0.5503,3.2526,1.3413,0.0393,0.2604,0.0737,1.474,1.6951,1.6263,0.1867,3.2575,0.0835,0.059,0.7223,0.1032,0.0491,1.6214,0.5749,2.1275,0.059,0.0983,0.6928,0.0688,0.2014,0.0098,4.078,2.0587,0.1425,1.6263,0.0393,0.0098,2.2454,0.0098,0.0197,2.9971,1.189,0.0049,0.0147,0.0147,0.3734,0.0049,0.4324,0.0049,0.0,0.0295
2025-11-12 08:00:18,0.0442,2.0668,2.1797,1.5317,0.0687,4.1041,0.0147,0.5204,0.3731,0.1964,0.1767,0.1915,3.3824,0.0196,0.0196,0.3093,1.2715,1.6544,0.0982,1.3893,0.0049,0.0147,2.9357,0.5106,0.2553,0.3338,0.0147,0.4026,0.4713,0.054,0.0491,1.836,5.7977,5.5277,0.1865,0.054,0.3044,0.0736,0.0884,2.0815,0.2356,1.5808,1.5169,1.7869,0.0344,0.0442,0.1276,0.0295,1.8066,0.0098,0.1669,1.4678,2.7295,1.9293,2.5528,0.6676,0.0049,1.3255,3.9126,0.0785,0.0884,0.0295,1.4924,0.2602,0.5498,3.2548,1.3402,0.0393,0.2602,0.0736,1.4728,1.6937,1.6298,0.1865,3.2548,0.0835,0.0589,0.7216,0.1031,0.0491,1.62,0.5744,2.1257,0.0589,0.0982,0.6922,0.0687,0.2013,0.0098,4.0746,2.0569,0.1424,1.6249,0.0393,0.0098,2.2435,0.0098,0.0196,2.9995,1.1929,0.0049,0.0147,0.0147,0.3731,0.0049,0.432,0.0049,0.0,0.0295
2025-11-12 09:00:17,0.0441,2.0636,2.1764,1.5342,0.0686,4.1027,0.0147,0.5196,0.3774,0.1961,0.1765,0.1912,3.3822,0.0196,0.0196,0.3137,1.2744,1.6519,0.098,1.3921,0.0049,0.0147,2.9361,0.5098,0.2549,0.3333,0.0147,0.4019,0.4706,0.0539,0.049,1.8332,5.7987,5.5291,0.1863,0.0539,0.3039,0.0735,0.0931,2.0832,0.2402,1.5784,1.5146,1.7891,0.0343,0.0441,0.1274,0.0294,1.8087,0.0098,0.1667,1.4656,2.7254,1.9313,2.5489,0.6666,0.0049,1.3235,3.9116,0.0784,0.0882,0.0294,1.4901,0.2598,0.549,3.2547,1.3382,0.0392,0.2598,0.0735,1.4754,1.6911,1.6274,0.1863,3.2547,0.0833,0.0588,0.7255,0.1029,0.049,1.6225,0.5735,2.1273,0.0588,0.098,0.6911,0.0686,0.201,0.0098,4.0782,2.0587,0.1421,1.6274,0.0392,0.0098,2.245,0.0098,0.0196,2.9999,1.1911,0.0049,0.0147,0.0147,0.3725,0.0049,0.4314,0.0049,0.0,0.0294
2025-11-12 10:00:21,0.0439,2.0627,2.1797,1.5312,0.0683,4.101,0.0146,0.5218,0.3755,0.1951,0.1755,0.1902,3.3842,0.0195,0.0195,0.3121,1.2727,1.6531,0.0975,1.3898,0.0049,0.0146,2.9356,0.5071,0.2584,0.3365,0.0146,0.4047,0.4681,0.0536,0.0488,1.8335,5.798,5.5298,0.1853,0.0536,0.3072,0.0731,0.0927,2.0822,0.2389,1.5799,1.5166,1.7848,0.0341,0.0439,0.1268,0.0293,1.8043,0.0098,0.1658,1.4678,2.7259,1.931,2.5503,0.6681,0.0049,1.3264,3.9109,0.078,0.0878,0.0293,1.4922,0.2633,0.551,3.2525,1.341,0.039,0.2584,0.0731,1.4727,1.6921,1.6287,0.1902,3.2574,0.0829,0.0634,0.7217,0.1024,0.0536,1.619,0.5705,2.1261,0.0585,0.0975,0.6924,0.0683,0.1999,0.0098,4.0767,2.0578,0.1414,1.6238,0.039,0.0098,2.2431,0.0146,0.0195,2.999,1.1898,0.0049,0.0146,0.0146,0.3755,0.0049,0.434,0.0049,0.0,0.0293
2025-11-12 11:01:29,0.0439,2.0663,2.1784,1.5351,0.0682,4.1033,0.0146,0.5214,0.3752,0.1949,0.1754,0.1901,3.3821,0.0195,0.0195,0.3119,1.2719,1.652,0.0975,1.3889,0.0049,0.0146,2.9337,0.5117,0.2583,0.3363,0.0146,0.4045,0.4678,0.0536,0.0487,1.8324,5.7992,5.5263,0.1852,0.0536,0.307,0.0731,0.0926,2.0809,0.2388,1.5789,1.5156,1.7885,0.0341,0.0439,0.1267,0.0292,1.808,0.0097,0.1657,1.4669,2.729,1.9298,2.5487,0.6676,0.0049,1.3255,3.9084,0.078,0.0877,0.0292,1.4912,0.2632,0.5507,3.2505,1.3402,0.039,0.2583,0.0731,1.4766,1.691,1.6277,0.1901,3.2554,0.0828,0.0634,0.7212,0.1023,0.0536,1.6228,0.575,2.1296,0.0585,0.0975,0.692,0.0682,0.1998,0.0097,4.0741,2.0565,0.1413,1.6228,0.039,0.0097,2.2466,0.0146,0.0195,2.9971,1.1891,0.0049,0.0146,0.0146,0.3752,0.0049,0.4337,0.0049,0.0,0.0292
2025-11-12 12:01:09,0.044,2.0661,2.1785,1.5337,0.0684,4.103,0.0147,0.5178,0.3761,0.1954,0.1758,0.1905,3.3849,0.0195,0.0195,0.3126,1.27,1.651,0.0977,1.3921,0.0049,0.0147,2.9356,0.508,0.254,0.337,0.0147,0.4054,0.4689,0.0537,0.0488,1.8366,5.7979,5.5292,0.1856,0.0537,0.3077,0.0733,0.0928,2.0808,0.2393,1.5777,1.5142,1.7877,0.0342,0.044,0.127,0.0293,1.8073,0.0098,0.1661,1.4653,2.7255,1.9294,2.5497,0.6692,0.0049,1.3237,3.9125,0.0782,0.0879,0.0293,1.4898,0.2638,0.5519,3.2531,1.3383,0.0391,0.2589,0.0733,1.4751,1.69,1.6265,0.1856,3.2579,0.083,0.0586,0.7229,0.1026,0.0537,1.6216,0.5715,2.1296,0.0586,0.0977,0.6936,0.0684,0.2003,0.0098,4.0785,2.0564,0.1416,1.6265,0.0391,0.0098,2.2469,0.0098,0.0195,2.9991,1.1918,0.0049,0.0147,0.0147,0.3712,0.0049,0.4347,0.0049,0.0,0.0293
2025-11-12 13:00:25,0.0439,2.0643,2.1766,1.5324,0.0683,4.1042,0.0146,0.5222,0.3758,0.1952,0.1757,0.1903,3.382,0.0195,0.0195,0.3123,1.2737,1.6544,0.0976,1.3909,0.0049,0.0146,2.933,0.5075,0.2587,0.3367,0.0146,0.4051,0.4685,0.0537,0.0488,1.835,5.7977,5.5293,0.1854,0.0537,0.3075,0.0732,0.0927,2.0838,0.2391,1.5763,1.5177,1.7862,0.0342,0.0439,0.1269,0.0293,1.8057,0.0098,0.1659,1.4641,2.728,1.9277,2.5523,0.6686,0.0049,1.3225,3.909,0.0781,0.0878,0.0293,1.4933,0.2635,0.5515,3.2502,1.3421,0.039,0.2587,0.0732,1.4738,1.6934,1.63,0.1903,3.2551,0.083,0.0586,0.7223,0.1025,0.0537,1.6202,0.571,2.1278,0.0586,0.0976,0.693,0.0683,0.2001,0.0098,4.075,2.0546,0.1415,1.6251,0.039,0.0098,2.2449,0.0146,0.0195,2.9964,1.1908,0.0049,0.0146,0.0146,0.3758,0.0049,0.4343,0.0049,0.0,0.0293
2025-11-12 14:01:20,0.044,2.0638,2.1763,1.5356,0.0685,4.1031,0.0147,0.5184,0.3766,0.1956,0.1761,0.1907,3.3842,0.0196,0.0196,0.313,1.2715,1.653,0.0978,1.3889,0.0049,0.0147,2.9343,0.5086,0.2543,0.3374,0.0147,0.401,0.4695,0.0538,0.0489,1.8339,5.7952,5.5311,0.1858,0.0538,0.3032,0.0734,0.0929,2.0833,0.2396,1.5796,1.516,1.785,0.0342,0.044,0.1272,0.0293,1.8095,0.0098,0.1663,1.4671,2.7289,1.9317,2.5528,0.6651,0.0049,1.3253,3.9124,0.0782,0.088,0.0293,1.4916,0.2592,0.5526,3.2522,1.34,0.0391,0.2592,0.0734,1.4769,1.6921,1.6285,0.1858,3.257,0.0831,0.0587,0.7238,0.1027,0.0538,1.6187,0.5722,2.1273,0.0587,0.0978,0.6944,0.0685,0.2005,0.0098,4.0786,2.0589,0.1418,1.6236,0.0391,0.0098,2.2447,0.0098,0.0196,2.9978,1.1933,0.0049,0.0147,0.0147,0.3717,0.0049,0.4304,0.0049,0.0,0.0293
2025-11-12 15:01:33,0.0447,2.0655,2.1797,1.5343,0.0695,4.1013,0.0149,0.5214,0.3774,0.1986,0.1787,0.1936,3.3813,0.0199,0.0199,0.3128,1.2711,1.6534,0.0993,1.3903,0.005,0.0149,2.9345,0.5114,0.2582,0.3376,0.0149,0.4022,0.4717,0.0546,0.0497,1.8322,5.7895,5.5263,0.1887,0.0497,0.3078,0.0745,0.0894,2.0804,0.2383,1.5789,1.5144,1.7875,0.0348,0.0447,0.1291,0.0298,1.8073,0.0099,0.1688,1.4647,2.7259,1.9265,2.5521,0.6653,0.005,1.3257,3.9076,0.0794,0.0894,0.0298,1.4896,0.2632,0.5511,3.2522,1.3406,0.0397,0.2582,0.0745,1.4747,1.6931,1.6286,0.1887,3.2572,0.0794,0.0596,0.7249,0.1043,0.0497,1.6187,0.571,2.1251,0.0596,0.0993,0.6951,0.0695,0.1986,0.0099,4.0765,2.0556,0.144,1.6236,0.0397,0.0099,2.2443,0.0099,0.0199,2.999,1.1917,0.005,0.0149,0.0149,0.3724,0.005,0.432,0.0,0.0,0.0298
2025-11-12 16:00:36,0.0457,2.0652,2.1768,1.5324,0.071,4.1049,0.0152,0.5176,0.3755,0.1979,0.1776,0.1928,3.3844,0.0203,0.0203,0.3095,1.2736,1.6542,0.0964,1.3903,0.0051,0.0152,2.9328,0.5125,0.2588,0.3349,0.0152,0.4009,0.4719,0.0558,0.0507,1.8368,5.7642,5.5307,0.1877,0.0507,0.3044,0.0761,0.0913,2.0854,0.2385,1.578,1.5172,1.7861,0.0355,0.0457,0.1269,0.0304,1.8064,0.0101,0.1674,1.4664,2.7299,1.9282,2.5523,0.6698,0.0051,1.3243,3.9121,0.0812,0.0863,0.0304,1.4918,0.2639,0.5531,3.2525,1.3396,0.0406,0.2588,0.0761,1.4766,1.6846,1.6288,0.1877,3.2576,0.0812,0.0609,0.7256,0.1015,0.0507,1.6186,0.5734,2.126,0.0609,0.0964,0.6951,0.066,0.1979,0.0101,4.0745,2.055,0.1421,1.6237,0.0406,0.0101,2.2427,0.0101,0.0203,3.0039,1.1924,0.0051,0.0152,0.0152,0.3755,0.0051,0.4313,0.0,0.0,0.0304
2025-11-12 17:00:24,0.0466,2.066,2.1799,1.5326,0.0673,4.106,0.0155,0.5178,0.3728,0.1968,0.176,0.1916,3.3863,0.0207,0.0155,0.3107,1.2738,1.6517,0.0984,1.3877,0.0052,0.0155,2.9358,0.5074,0.2589,0.3366,0.0155,0.4039,0.4712,0.057,0.0518,1.833,5.7681,5.53,0.1864,0.0518,0.3055,0.0725,0.088,2.0867,0.2382,1.5792,1.5171,1.7864,0.0362,0.0414,0.1294,0.0259,1.8071,0.0104,0.1657,1.4653,2.7287,1.9313,2.5527,0.6679,0.0052,1.3255,3.9093,0.0777,0.088,0.0311,1.4912,0.2641,0.5489,3.2517,1.3411,0.0414,0.2589,0.0725,1.4757,1.688,1.6258,0.1864,3.2569,0.0828,0.0621,0.7249,0.1036,0.0518,1.6207,0.5747,2.1281,0.0621,0.0984,0.6938,0.0673,0.1968,0.0104,4.075,2.0556,0.145,1.6258,0.0414,0.0104,2.2472,0.0104,0.0207,3.0032,1.1909,0.0052,0.0155,0.0155,0.3728,0.0052,0.4349,0.0,0.0,0.0311
2025-11-12 18:02:36,0.0467,2.0673,2.1764,1.5323,0.0675,4.1035,0.0156,0.5194,0.374,0.1974,0.1766,0.1922,3.3867,0.0208,0.0156,0.3117,1.2726,1.6518,0.0987,1.3921,0.0052,0.0156,2.9348,0.509,0.2545,0.3376,0.0156,0.4052,0.4675,0.0571,0.0519,1.8336,5.7812,5.5319,0.187,0.0519,0.3065,0.0727,0.0883,2.0829,0.2389,1.5791,1.5167,1.7868,0.0364,0.0416,0.1299,0.026,1.8076,0.0104,0.1662,1.4648,2.727,1.9323,2.5504,0.6649,0.0052,1.3245,3.9113,0.0779,0.0883,0.0312,1.4908,0.2597,0.5506,3.2516,1.3401,0.0416,0.2597,0.0727,1.4752,1.6881,1.631,0.187,3.2568,0.0831,0.0623,0.722,0.1039,0.0519,1.6206,0.5714,2.1296,0.0571,0.0987,0.6908,0.0675,0.1974,0.0104,4.0775,2.0569,0.1454,1.6258,0.0416,0.0104,2.2439,0.0104,0.0208,3.0023,1.1895,0.0052,0.0156,0.0156,0.374,0.0052,0.4311,0.0,0.0,0.0312
2025-11-12 19:00:42,0.0467,2.0641,2.1782,1.5351,0.0674,4.1023,0.0156,0.5186,0.3734,0.1971,0.1763,0.1919,3.3866,0.0207,0.0156,0.3112,1.2706,1.6544,0.0985,1.3899,0.0052,0.0156,2.9354,0.5082,0.2541,0.3371,0.0156,0.4045,0.4719,0.057,0.0519,1.8359,5.7774,5.5285,0.1867,0.0519,0.306,0.0726,0.0882,2.0848,0.2386,1.5766,1.5144,1.7892,0.0363,0.0415,0.1297,0.0259,1.8048,0.0104,0.166,1.4677,2.7279,1.9293,2.5516,0.669,0.0052,1.3225,3.9104,0.0778,0.0882,0.0311,1.4936,0.2593,0.5497,3.2517,1.338,0.0415,0.2593,0.0726,1.4729,1.6907,1.6285,0.1867,3.2569,0.083,0.0622,0.7261,0.1037,0.0519,1.6233,0.5705,2.1263,0.0622,0.0985,0.6949,0.0674,0.1971,0.0104,4.0763,2.0589,0.1452,1.6233,0.0415,0.0104,2.2456,0.0104,0.0207,3.0028,1.1928,0.0052,0.0156,0.0156,0.3734,0.0052,0.4305,0.0,0.0,0.0311
2025-11-12 20:00:27,0.0469,2.0671,2.1764,1.5308,0.0677,4.1029,0.0156,0.5207,0.3749,0.1979,0.177,0.1926,3.3844,0.0208,0.0156,0.3124,1.2704,1.6505,0.0989,1.3902,0.0052,0.0156,2.9366,0.5103,0.2551,0.3332,0.0156,0.4009,0.4686,0.0573,0.0521,1.8328,5.7794,5.5295,0.1874,0.0521,0.3072,0.0729,0.0885,2.0827,0.2395,1.5776,1.5152,1.7859,0.0364,0.0417,0.1302,0.026,1.8067,0.0104,0.1666,1.4683,2.7283,1.9317,2.5513,0.6665,0.0052,1.3225,3.9102,0.0781,0.0885,0.0312,1.4943,0.2603,0.5519,3.2542,1.3381,0.0417,0.2603,0.0729,1.4735,1.687,1.6297,0.1874,3.2594,0.0833,0.0625,0.7237,0.1041,0.0521,1.6193,0.5727,2.1295,0.0573,0.0989,0.6925,0.0677,0.1979,0.0104,4.0769,2.0566,0.1458,1.6245,0.0417,0.0104,2.2441,0.0104,0.0208,2.9991,1.1923,0.0052,0.0156,0.0156,0.3749,0.0052,0.4322,0.0,0.0,0.0312
2025-11-12 21:00:19,0.0459,2.0671,2.1793,1.5312,0.0715,4.1035,0.0153,0.5206,0.3777,0.1991,0.1786,0.1888,3.3839,0.0204,0.0204,0.3113,1.2709,1.6537,0.097,1.3883,0.0051,0.0153,2.9347,0.5104,0.2552,0.3369,0.0153,0.4032,0.4696,0.0561,0.051,1.8323,5.7776,5.5275,0.1888,0.051,0.3062,0.0766,0.0919,2.0824,0.2399,1.5771,1.5158,1.7864,0.0357,0.0459,0.1276,0.0255,1.8068,0.0102,0.1684,1.4648,2.7255,1.9293,2.5519,0.6686,0.0051,1.327,3.9096,0.0817,0.0868,0.0306,1.4903,0.2603,0.5512,3.2512,1.3423,0.0408,0.2603,0.0766,1.475,1.6894,1.6281,0.1888,3.2563,0.0817,0.0612,0.7247,0.1021,0.051,1.6179,0.5716,2.1283,0.0612,0.097,0.6941,0.0664,0.1991,0.0102,4.0729,2.0569,0.1429,1.623,0.0408,0.0102,2.2457,0.0102,0.0204,3.0011,1.1892,0.0051,0.0153,0.0153,0.3726,0.0051,0.4338,0.0,0.0,0.0306
2025-11-12 22:01:03,0.045,2.0364,2.1465,1.5111,0.07,4.0478,0.015,0.5154,0.3703,0.1951,0.1751,0.1901,3.3373,0.02,0.02,0.3052,1.2559,1.6311,0.0951,1.371,0.005,0.015,2.897,0.5004,0.2552,0.3302,0.015,0.3953,0.4653,0.055,0.05,1.8113,5.744,5.4538,0.1851,0.05,0.3002,0.0751,0.0901,2.0564,0.2352,1.5561,1.496,1.7612,0.035,0.045,0.1251,0.03,1.7812,0.01,0.1651,1.446,2.6919,1.9063,2.5168,0.6605,0.005,1.3059,3.8577,0.0801,0.0851,0.03,1.471,0.2602,0.5454,3.2072,1.3209,0.04,0.2552,0.0751,1.456,1.6762,1.6061,0.1851,3.2122,0.0801,0.06,0.7155,0.1001,0.05,1.6011,0.5654,2.1015,0.06,0.0951,0.6855,0.065,0.1951,0.01,4.0228,2.0314,0.1401,1.6061,0.04,0.01,2.2166,0.01,0.02,2.9571,1.1758,0.005,0.015,0.015,0.3703,0.005,0.4253,0.0,1.2809,0.03
2025-11-12 23:01:23,0.0451,2.036,2.1463,1.5145,0.0702,4.0469,0.015,0.5115,0.3711,0.1956,0.1755,0.1906,3.3399,0.0201,0.0201,0.3059,1.2537,1.6298,0.0953,1.3741,0.005,0.015,2.8935,0.5015,0.2507,0.331,0.015,0.3962,0.4614,0.0552,0.0501,1.8103,5.752,5.4561,0.1855,0.0501,0.3009,0.0752,0.0903,2.0511,0.2357,1.5596,1.4944,1.7652,0.0351,0.0451,0.1254,0.0251,1.7853,0.01,0.1655,1.4493,2.6929,1.9056,2.5174,0.6569,0.005,1.3089,3.8564,0.0802,0.0853,0.0301,1.4693,0.2558,0.5416,3.2095,1.3239,0.0401,0.2558,0.0752,1.4543,1.6749,1.6047,0.1855,3.2145,0.0802,0.0602,0.7121,0.1003,0.0501,1.5997,0.5667,2.1012,0.0602,0.0953,0.682,0.0652,0.1956,0.01,4.0219,2.031,0.1404,1.6047,0.0401,0.01,2.2165,0.01,0.0201,2.9587,1.1735,0.005,0.015,0.015,0.3711,0.005,0.4263,0.0,1.2838,0.0301
